dog_id,dog_id_link,registered_name,registered_name_link,call_name,registration_#,whelp_date,deceased,dna_reg_#,cert_test_by,tested,cert_#___report_#,findings,test_date,total_dogs_in_pedigree:,3,oldest_generation:,0,529,9,pct_blood,occurs
158545,Dog_Detail?DogID=158545,ANDOR V.D. METTENKAMPHOF,Dog_Detail?DogID=158545,,NHSB: 2778802 (NHSB),"Jan 7, 2010",,,,,,,,,,,,,,,
158544,Dog_Detail?DogID=158544,ANIQUE V.D. METTENKAMPHOF,Dog_Detail?DogID=158544,,NHSB: 2778803 (NHSB),"Jan 7, 2010",,,,,,,,,,,,,,,
158548,Dog_Detail?DogID=158548,ARNO V.D. METTENKAMPHOF,Dog_Detail?DogID=158548,,NHSB: 2778801 (NHSB),"Jan 7, 2010",,,,,,,,,,,,,,,
158540,Dog_Detail?DogID=158540,ASHLEY V.D. METTENKAMPHOF,Dog_Detail?DogID=158540,,NHSB 2778804 (NHSB),"Jan 7, 2010",,,,,,,,,,,,,,,
158547,Dog_Detail?DogID=158547,AXEL V.D. METTENKAMPHOF,Dog_Detail?DogID=158547,,NHSB: 2778800 (NHSB),"Jan 7, 2010",,,,,,,,,,,,,,,
158546,Dog_Detail?DogID=158546,AYLA V.D. METTENKAMPHOF,Dog_Detail?DogID=158546,,NHSB: 2778805 (NHSB),"Jan 7, 2010",,,,,,,,,,,,,,,
158566,Dog_Detail?DogID=158566,BAILEY V.D. METTENKAMPHOF,Dog_Detail?DogID=158566,,NHSB: 2828991 (NHSB),"Feb 23, 2011",,,,,,,,,,,,,,,
158568,Dog_Detail?DogID=158568,BALOU V.D. METTENKAMPHOF,Dog_Detail?DogID=158568,,NHSB: 2828989 (NHSB),"Feb 23, 2011",,,,,,,,,,,,,,,
158567,Dog_Detail?DogID=158567,BANJER V.D. METTENKAMPHOF,Dog_Detail?DogID=158567,,NHSB: 2828990 (NHSB),"Feb 23, 2011",,,,,,,,,,,,,,,
158563,Dog_Detail?DogID=158563,BASCHA V.D. METTENKAMPHOF,Dog_Detail?DogID=158563,,NHSB: 2828994 (NHSB),"Feb 23, 2011",,,,,,,,,,,,,,,
158565,Dog_Detail?DogID=158565,BELLE V.D. METTENKAMPHOF,Dog_Detail?DogID=158565,,NHSB: 2828992 (NHSB),"Feb 23, 2011",,,,,,,,,,,,,,,
158569,Dog_Detail?DogID=158569,BIBI V.D. METTENKAMPHOF,Dog_Detail?DogID=158569,,NHSB: 2828995 (NHSB),"Feb 23, 2011",,,,,,,,,,,,,,,
158570,Dog_Detail?DogID=158570,BONNY V.D. METTENKAMPHOF,Dog_Detail?DogID=158570,,NHSB: 2828996 (NHSB),"Feb 23, 2011",,,,,,,,,,,,,,,
158564,Dog_Detail?DogID=158564,BRANDY V.D. METTENKAMPHOF,Dog_Detail?DogID=158564,,NHSB: 2828993 (NHSB),"Feb 23, 2011",,,,,,,,,,,,,,,
158562,Dog_Detail?DogID=158562,CIMBA V.D. METTENKAMPHOF,Dog_Detail?DogID=158562,,NHSB 2955083 (NHSB),"Feb 18, 2014",,,,,,,,,,,,,,,
158541,Dog_Detail?DogID=158541,DAMY V.D. METTENKAMPHOF,Dog_Detail?DogID=158541,,NHSB: 3005171 (NHSB),"May 17, 2015",,,,,,,,,,,,,,,
158399,Dog_Detail?DogID=158399,DANA V.D. METTENKAMPHOF,Dog_Detail?DogID=158399,,NHSB: 3005172 (NHSB),"May 17, 2015",,,,,,,,,,,,,,,
158542,Dog_Detail?DogID=158542,DIESEL V.D. METTENKAMPHOF,Dog_Detail?DogID=158542,,NHSB: 3005170 (NHSB),"May 17, 2015",,,,,,,,,,,,,,,
158561,Dog_Detail?DogID=158561,ELSA V.D. METTENKAMPHOF,Dog_Detail?DogID=158561,,NHSB 3119577 (NHSB),"Apr 22, 2018",,,,,,,,,,,,,,,
158560,Dog_Detail?DogID=158560,ESRAH V.D. METTENKAMPHOF,Dog_Detail?DogID=158560,,NHSB 3119576 (NHSB),"Apr 22, 2018",,,,,,,,,,,,,,,
158400,Dog_Detail?DogID=158400,FALCO V.D. METTENKAMPHOF,Dog_Detail?DogID=158400,,NHSB: 3158253 (NHSB),"May 7, 2019",,,,,,,,,,,,,,,
158401,Dog_Detail?DogID=158401,FEMKE V.D. METTENKAMPHOF,Dog_Detail?DogID=158401,,NHSB: 3158256 (NHSB),"May 7, 2019",,,,,,,,,,,,,,,
158402,Dog_Detail?DogID=158402,FEYA V.D. METTENKAMPHOF,Dog_Detail?DogID=158402,,NHSB: 3158255 (NHSB),"May 7, 2019",,,,,,,,,,,,,,,
158403,Dog_Detail?DogID=158403,FLORIS V.D. METTENKAMPHOF,Dog_Detail?DogID=158403,,NHSB: 3158254 (NHSB),"May 7, 2019",,,,,,,,,,,,,,,
217544,Dog_Detail?DogID=217544,ADELE AV SOLBERGNES,Dog_Detail?DogID=217544,,NO38666/16 (NKK),"Apr 21, 2016",,,,,,,,,,,,,,,
217545,Dog_Detail?DogID=217545,AIDA AV SOLBERGNES,Dog_Detail?DogID=217545,,NO38665/16 (NKK),"Apr 21, 2016",,,,,,,,,,,,,,,
217543,Dog_Detail?DogID=217543,AIZA AV SOLBERGNES,Dog_Detail?DogID=217543,,NO38663/16 (NKK),"Apr 21, 2016",,,,,,,,,,,,,,,
217541,Dog_Detail?DogID=217541,ANIA AV SOLBERGNES,Dog_Detail?DogID=217541,,NO38664/16 (NKK),"Apr 21, 2016",,,,,,,,,,,,,,,
217540,Dog_Detail?DogID=217540,ARAGORN AV SOLBERGNES,Dog_Detail?DogID=217540,,NO38661/16 (NKK),"Apr 21, 2016",,,,,,,,,,,,,,,
217546,Dog_Detail?DogID=217546,ARN AV SOLBERGNES,Dog_Detail?DogID=217546,,NO38660/16 (NKK),"Apr 21, 2016",,,,,,,,,,,,,,,
217542,Dog_Detail?DogID=217542,ASK AV SOLBERGNES,Dog_Detail?DogID=217542,,NO38659/16 (NKK),"Apr 21, 2016",,,,,,,,,,,,,,,
217539,Dog_Detail?DogID=217539,ATHINA AV SOLBERGNES,Dog_Detail?DogID=217539,ATHINA,NO38662/16 (NKK),"Apr 21, 2016",,,,,,,,,,,,,,,
225456,Dog_Detail?DogID=225456,BAYLA AV SOLBERGNES,Dog_Detail?DogID=225456,,NO49540/20 (NKK),"Jul 8, 2020",,,,,,,,,,,,,,,
225461,Dog_Detail?DogID=225461,BEA AV SOLBERGNES,Dog_Detail?DogID=225461,,NO49535/20 (NKK),"Jul 8, 2020",,,,,,,,,,,,,,,
225459,Dog_Detail?DogID=225459,BERNHARD AV SOLBERGNES,Dog_Detail?DogID=225459,,NO49541/20 (NKK),"Jul 8, 2020",,,,,,,,,,,,,,,
225460,Dog_Detail?DogID=225460,BESTE LILLY AV SOLBERGNES,Dog_Detail?DogID=225460,,NO49537/20 (NKK),"Jul 8, 2020",,,,,,,,,,,,,,,
225458,Dog_Detail?DogID=225458,BIANCA AV SOLBERGNES,Dog_Detail?DogID=225458,BIANCA,NO49534/20 (NKK),"Jul 8, 2020",,,,,,,,,,,,,,,
225457,Dog_Detail?DogID=225457,BILLIE AV SOLBERGNES,Dog_Detail?DogID=225457,,NO49539/20 (NKK),"Jul 8, 2020",,,,,,,,,,,,,,,
225462,Dog_Detail?DogID=225462,BONNIE AV SOLBERGNES,Dog_Detail?DogID=225462,,NO49538/20 (NKK),"Jul 8, 2020",,,,,,,,,,,,,,,
225453,Dog_Detail?DogID=225453,BONZO AV SOLBERGNES,Dog_Detail?DogID=225453,,NO49543/20 (NKK),"Jul 8, 2020","Jul 29, 2021",,,,,,,,,,,,,,
225454,Dog_Detail?DogID=225454,BRIMI AV SOLBERGNES,Dog_Detail?DogID=225454,,NO49542/20 (NKK),"Jul 8, 2020",,,,,,,,,,,,,,,
225455,Dog_Detail?DogID=225455,BUFFY AV SOLBERGNES,Dog_Detail?DogID=225455,,NO49536/20 (NKK),"Jul 8, 2020",,,,,,,,,,,,,,,
149823,Dog_Detail?DogID=149823,MALLA,Dog_Detail?DogID=149823,,N07033/85 (NKK),"Dec 11, 1984",,,,,,,,,,,,,,,
149824,Dog_Detail?DogID=149824,STEINTOPPEN'S PHILOS,Dog_Detail?DogID=149824,,16832/87 (NKK),"Apr 22, 1987",,,,,,,,,,,,,,,
20689,Dog_Detail?DogID=20689,STEINTOPPEN'S RAHNI,Dog_Detail?DogID=20689,,16835/87 (NKK),"Apr 22, 1987",,,,,,,,,,,,,,,
139386,Dog_Detail?DogID=139386,SPLENDID THREE COLOR ARARAT,Dog_Detail?DogID=139386,CZAR,"RKF 4400409 (RKF), LOP531881 (CPC)","Aug 23, 2015",,,,,,,,,,,,,,,
73300,Dog_Detail?DogID=73300,SPLENDID THREE COLOR BARSELONA,Dog_Detail?DogID=73300,,RKF 1744557 (RKF),"May 16, 2005",,,,,,,,,,,,,,,
73362,Dog_Detail?DogID=73362,SPLENDID THREE COLOR BRATISLAVA,Dog_Detail?DogID=73362,,RKF 1744558 (RKF),"May 16, 2005",,,,,,,,,,,,,,,
74522,Dog_Detail?DogID=74522,SPLENDID THREE COLOR BRISTOL,Dog_Detail?DogID=74522,,RKF 1744554 (RKF),"May 16, 2005",,,,,,,,,,,,,,,
100840,Dog_Detail?DogID=100840,SPLENDID THREE COLOR BUKHARA,Dog_Detail?DogID=100840,,RKF 1744556 (RKF),"May 16, 2005",,,,,,,,,,,,,,,
100843,Dog_Detail?DogID=100843,SPLENDID THREE COLOR OKLAHOMA,Dog_Detail?DogID=100843,,RKF (RKF),"Jun 8, 2011",,,,,,,,,,,,,,,
190506,Dog_Detail?DogID=190506,SPLENDID THREE COLOR SUNNYVALE,Dog_Detail?DogID=190506,PUGACIOF,"RKF3623279 (RKF), LO14119513","May 17, 2013",,,,,,,,,,,,,,,
212306,Dog_Detail?DogID=212306,SPLENDID THREE COLOR U,Dog_Detail?DogID=212306,TOOSH,,"Jul 11, 2021",,,,,,,,,,,,,,,
73856,Dog_Detail?DogID=73856,SPLENDID THREE COLOR VANKUVER,Dog_Detail?DogID=73856,,RKF 1903317 (RKF),"May 17, 2006",,,,,,,,,,,,,,,
134695,Dog_Detail?DogID=134695,SPLENDID THREE COLOR VIK,Dog_Detail?DogID=134695,,RKF 1903316 (RKF),"May 17, 2006",,,,,,,,,,,,,,,
156070,Dog_Detail?DogID=156070,SPLENDID THREE COLOR ZHEAN GABIN,Dog_Detail?DogID=156070,SOLO,"PKR.II-127300 (ZKWP), RKF4595983 (RKF)","Jul 17, 2016",,,,,,,,,,,,,,,
9035,Dog_Detail?DogID=9035,CALABEL MARSET NIGHT MUSIC,Dog_Detail?DogID=9035,BEAR,WP36088004 (AKC),"Jun 16, 1991",,,,,,,,,,,,,,,
9034,Dog_Detail?DogID=9034,CALABEL'S CUSTOM MAIL,Dog_Detail?DogID=9034,MAIDY,WP36088003 (AKC),"Jun 16, 1991",,,,,,,,,,,,,,,
7374,Dog_Detail?DogID=7374,CALABEL'S FEEL MY THUNDER,Dog_Detail?DogID=7374,THUNDER,WP36088001 (AKC),"Jun 16, 1991",,,,,,,,,,,,,,,
9033,Dog_Detail?DogID=9033,CALABEL'S PROGRESSIVE JAZZ,Dog_Detail?DogID=9033,PJ,WP36088002 (AKC),"Jun 16, 1991",,,,,,,,,,,,,,,
7277,Dog_Detail?DogID=7277,VALMONT JULEN WALLIS MONTANA,Dog_Detail?DogID=7277,,WG412396 (AKC),"Dec 12, 1989",,,,,,,,,,,,,,,
7718,Dog_Detail?DogID=7718,VALMONT TRAVELER OF SKYLANDS,Dog_Detail?DogID=7718,MONTY,WG430649 (AKC),"Dec 12, 1989",,,,,,,,,,,,,,,
39139,Dog_Detail?DogID=39139,VALMONT'S AMAZING STYLE,Dog_Detail?DogID=39139,MAZIE,WR01009903 (AKC),"Jan 10, 2001","Jul 9, 2007",,,,,,,,,,,,,,
39137,Dog_Detail?DogID=39137,VALMONTS BLUEBERRY CRISP,Dog_Detail?DogID=39137,BLU,WR01009902 (AKC),"Jan 10, 2001","Dec 21, 2009",,,,,,,,,,,,,,
4774,Dog_Detail?DogID=4774,VALMONT'S BRANDYWINE VELVET,Dog_Detail?DogID=4774,VELVET,WG435972 (AKC),"Dec 12, 1989",,,,,,,,,,,,,,,
39138,Dog_Detail?DogID=39138,VALMONT'S GRACIOUS KEEPSAKE,Dog_Detail?DogID=39138,GRAZIE,WR01009904 (AKC),"Jan 10, 2001","Sep 18, 2009",,,,,,,,,,,,,,
7120,Dog_Detail?DogID=7120,VALMONT'S MUSIC OF THE NIGHT,Dog_Detail?DogID=7120,,"WG413707 (AKC), 1034931 (CKC)","Dec 12, 1989",,,,,,,,,,,,,,,
39136,Dog_Detail?DogID=39136,VALMONT'S RASPBERRY DELIGHT,Dog_Detail?DogID=39136,RUBY,WR01009901 (AKC),"Jan 10, 2001","Feb 7, 2009",,,,,,,,,,,,,,
44995,Dog_Detail?DogID=44995,ADDY,Dog_Detail?DogID=44995,ADDY,WS19970407,"Dec 22, 2006","Jan 18, 2021",,,,,,,,,,,,,,
52597,Dog_Detail?DogID=52597,GWEEBARRA  FULL THROTTLE V  CC,Dog_Detail?DogID=52597,CRUISE,WP96354701 (AKC),"Feb 18, 2000","Jan 26, 2008",V164263 (AKC),,,,,,,,,,,,,
57823,Dog_Detail?DogID=57823,GWEEBARRA  KAISER DANTE,Dog_Detail?DogID=57823,KAISER,WS25715807 (AKC),"Feb 25, 2008",,,,,,,,,,,,,,,
12264,Dog_Detail?DogID=12264,GWEEBARRA ASTION OF KODIAK,Dog_Detail?DogID=12264,KODI,WP51259113 (AKC),"Oct 11, 1993","Jun 25, 2003",,,,,,,,,,,,,,
15608,Dog_Detail?DogID=15608,GWEEBARRA CANDLE IN THE WIND,Dog_Detail?DogID=15608,NORMA JEAN,WP75970802 (AKC),"Jan 11, 1997","May 12, 2008",P37237 (AKC),,,,,,,,,,,,,
52589,Dog_Detail?DogID=52589,GWEEBARRA DYNAMIC DUDE,Dog_Detail?DogID=52589,,WP84155003 (AKC),"Feb 24, 1998",,,,,,,,,,,,,,,
12261,Dog_Detail?DogID=12261,GWEEBARRA GRETA V ADLERHORST,Dog_Detail?DogID=12261,GRETA,WP51259117 (AKC),"Oct 11, 1993","Aug 25, 2007",,,,,,,,,,,,,,
57827,Dog_Detail?DogID=57827,GWEEBARRA IMPORT A DREAM,Dog_Detail?DogID=57827,,"WS25715802 (AKC), 1108360 (CKC)","Feb 25, 2008",,,,,,,,,,,,,,,
57830,Dog_Detail?DogID=57830,GWEEBARRA KISMET BELLA RAGAZZA,Dog_Detail?DogID=57830,BELLA,WS25715805 (AKC),"Feb 25, 2008","Jun 5, 2016",,,,,,,,,,,,,,
57826,Dog_Detail?DogID=57826,GWEEBARRA-N-SKYLYN'S KUE DEE,Dog_Detail?DogID=57826,KUE DEE,WS25715801 (AKC),"Feb 25, 2008","Feb 25, 2014",V541133 (AKC),,,,,,,,,,,,,
15528,Dog_Detail?DogID=15528,GWEEBARRA'S 02/17/95-03,Dog_Detail?DogID=15528,,WP61609003 (AKC),"Feb 17, 1995",,,,,,,,,,,,,,,
15531,Dog_Detail?DogID=15531,GWEEBARRA'S 02/17/95-06,Dog_Detail?DogID=15531,COLBY,WP61609006 (AKC),"Feb 17, 1995",,,,,,,,,,,,,,,
52587,Dog_Detail?DogID=52587,GWEEBARRA'S 02/24/98-01,Dog_Detail?DogID=52587,LUCKY,(AKC),"Feb 24, 1998","May 10, 1998",,,,,,,,,,,,,,
52591,Dog_Detail?DogID=52591,GWEEBARRA'S 02/24/98-05,Dog_Detail?DogID=52591,DENALI,(AKC),"Feb 24, 1998",Yes-no date,,,,,,,,,,,,,,
12265,Dog_Detail?DogID=12265,GWEEBARRA'S ABOUT TIME,Dog_Detail?DogID=12265,MINIT,WP51259116 (AKC),"Oct 11, 1993","Sep 15, 1994",,,,,,,,,,,,,,
10813,Dog_Detail?DogID=10813,GWEEBARRA'S ACE IN THE HOLE,Dog_Detail?DogID=10813,ACE,WP51259114 (AKC),"Oct 11, 1993","Mar 26, 2001",,,,,,,,,,,,,,
12262,Dog_Detail?DogID=12262,GWEEBARRA'S ALPINE THUNDER,Dog_Detail?DogID=12262,BOOMER,WP51259115 (AKC),"Oct 11, 1993","Nov 30, 1998",,,,,,,,,,,,,,
12263,Dog_Detail?DogID=12263,GWEEBARRA'S ANNA MARIE,Dog_Detail?DogID=12263,LUCY,WP51259118 (AKC),"Oct 11, 1993",,,,,,,,,,,,,,,
15529,Dog_Detail?DogID=15529,GWEEBARRAS BERNIN COLBY,Dog_Detail?DogID=15529,,WP61609004 (AKC),"Feb 17, 1995",,,,,,,,,,,,,,,
15532,Dog_Detail?DogID=15532,GWEEBARRA'S BERNIN JACK,Dog_Detail?DogID=15532,,WP61609007 (AKC),"Feb 17, 1995",,,,,,,,,,,,,,,
15527,Dog_Detail?DogID=15527,GWEEBARRA'S BINKY WEIL,Dog_Detail?DogID=15527,,WP61609001 (AKC),"Feb 17, 1995","Jun 30, 2001",,,,,,,,,,,,,,
15530,Dog_Detail?DogID=15530,GWEEBARRAS BOLD BYRON,Dog_Detail?DogID=15530,,WP61609005 (AKC),"Feb 17, 1995",,,,,,,,,,,,,,,
13127,Dog_Detail?DogID=13127,GWEEBARRA'S BRONZE STAR,Dog_Detail?DogID=13127,KIP,WP61609002 (AKC),"Feb 17, 1995","Jan 1, 2005",,,,,,,,,,,,,,
15613,Dog_Detail?DogID=15613,GWEEBARRA'S C BERTHA RUN,Dog_Detail?DogID=15613,BERTHA,WP75970807 (AKC),"Jan 11, 1997","Jan 31, 2003",,,,,,,,,,,,,,
15612,Dog_Detail?DogID=15612,GWEEBARRAS CELTIC MCCLOUD,Dog_Detail?DogID=15612,MAC,WP75970805 (AKC),"Jan 11, 1997","Jun 1, 2002",,,,,,,,,,,,,,
15611,Dog_Detail?DogID=15611,GWEEBARRA'S CHARMING BERNIE,Dog_Detail?DogID=15611,BERNIE,WP75970804,"Jan 11, 1997",,,,,,,,,,,,,,,
15607,Dog_Detail?DogID=15607,GWEEBARRAS CHEATIN HEART,Dog_Detail?DogID=15607,HANK,WP75970801 (AKC),"Jan 11, 1997","May 31, 2007",P37236 (AKC),,,,,,,,,,,,,
15610,Dog_Detail?DogID=15610,GWEEBARRA'S COOL BREEZE,Dog_Detail?DogID=15610,HARLEY,WP75970806 (AKC),"Jan 11, 1997","Sep 3, 2009",,,,,,,,,,,,,,
15614,Dog_Detail?DogID=15614,GWEEBARRA'S CRIMSON KING,Dog_Detail?DogID=15614,DUGAN,WP75970808 (AKC),"Jan 11, 1997","Jun 30, 2002",,,,,,,,,,,,,,
15609,Dog_Detail?DogID=15609,GWEEBARRA'S CUNNING CLOIE,Dog_Detail?DogID=15609,,WP75970803 (AKC),"Jan 11, 1997","Dec 25, 2002",,,,,,,,,,,,,,
52588,Dog_Detail?DogID=52588,GWEEBARRA'S DON'T FENCE ME IN,Dog_Detail?DogID=52588,FREYA,WP84155001 (AKC),"Feb 24, 1998",,,,,,,,,,,,,,,
52590,Dog_Detail?DogID=52590,GWEEBARRA'S DRIVING MISS DAISY,Dog_Detail?DogID=52590,DAISY,WP84155004 (AKC),"Feb 24, 1998","Jan 13, 2005",,,,,,,,,,,,,,
35074,Dog_Detail?DogID=35074,GWEEBARRA'S ENERGIZER,Dog_Detail?DogID=35074,BUNNY,WP94105501 (AKC),"Oct 6, 1999","Oct 29, 2009",,,,,,,,,,,,,,
52598,Dog_Detail?DogID=52598,GWEEBARRA'S FANCY PANTS,Dog_Detail?DogID=52598,,WP96354704 (AKC),"Feb 18, 2000",,,,,,,,,,,,,,,
52594,Dog_Detail?DogID=52594,GWEEBARRA'S FRANGISTA,Dog_Detail?DogID=52594,JAKE,WP96354703 (AKC),"Feb 18, 2000","Jul 23, 2009",,,,,,,,,,,,,,
52596,Dog_Detail?DogID=52596,GWEEBARRA'S FREE AS A BIRD,Dog_Detail?DogID=52596,KADEE,WP96354702 (AKC),"Feb 18, 2000","Feb 22, 2012",,,,,,,,,,,,,,
19442,Dog_Detail?DogID=19442,GWEEBARRA'S GENTLE BOWMAN,Dog_Detail?DogID=19442,,WS02193702 (AKC),"Nov 14, 2002",,,,,,,,,,,,,,,
19441,Dog_Detail?DogID=19441,GWEEBARRA'S GRAND PRIX,Dog_Detail?DogID=19441,ENZO,WS02193701 (AKC),"Nov 14, 2002","Sep 6, 2013",,,,,,,,,,,,,,
19443,Dog_Detail?DogID=19443,GWEEBARRA'S HIGH OCTANE,Dog_Detail?DogID=19443,ETHYL,WS08413601 (AKC),"Apr 26, 2004","Mar 17, 2009",V417692 (AKC),,,,,,,,,,,,,
44991,Dog_Detail?DogID=44991,GWEEBARRA'S IKE BRINKLEY ESPOSITO,Dog_Detail?DogID=44991,BRINKLEY,WS19970403 (AKC),"Dec 22, 2006",,,,,,,,,,,,,,,
44994,Dog_Detail?DogID=44994,GWEEBARRA'S I'M NO TROUBL HUBBLE,Dog_Detail?DogID=44994,HUBBLE,WS19970406,"Dec 22, 2006","Sep 27, 2015",,,,,,,,,,,,,,
44990,Dog_Detail?DogID=44990,GWEEBARRA'S IMPECCABLE AJAX,Dog_Detail?DogID=44990,AJAX,WS19970402 (AKC),"Dec 22, 2006",,V554985 (AKC),,,,,,,,,,,,,
44993,Dog_Detail?DogID=44993,GWEEBARRA'S INCREDIBLE ILLUSION,Dog_Detail?DogID=44993,DRAGO,WS19970405,"Dec 22, 2006",,,,,,,,,,,,,,,
44992,Dog_Detail?DogID=44992,GWEEBARRA'S INCREDIBLE SNUFFLEUPAGUS,Dog_Detail?DogID=44992,SNUFFY,WS19970404,"Dec 22, 2006",,,,,,,,,,,,,,,
44746,Dog_Detail?DogID=44746,GWEEBARRA'S INTELLIGENT DESIGN,Dog_Detail?DogID=44746,APPLE,WS19970401 (AKC),"Dec 22, 2006","Oct 20, 2015",V482317 (AKC),,,,,,,,,,,,,
50842,Dog_Detail?DogID=50842,GWEEBARRA'S JUICY FRUIT,Dog_Detail?DogID=50842,JILL,WS23011602 (AKC),"Jul 24, 2007",,V494524 (AKC),,,,,,,,,,,,,
50841,Dog_Detail?DogID=50841,GWEEBARRA'S JUST A GIGOLO,Dog_Detail?DogID=50841,JACK,WS23011601 (AKC),"Jul 24, 2007","Jun 27, 2017",V499559 (AKC),,,,,,,,,,,,,
57822,Dog_Detail?DogID=57822,GWEEBARRA'S KANDER VALLEY,Dog_Detail?DogID=57822,TANK,WS25715806,"Feb 25, 2008",,,,,,,,,,,,,,,
57828,Dog_Detail?DogID=57828,GWEEBARRA'S KING'S RANSOM,Dog_Detail?DogID=57828,BOO,WS25715803,"Feb 25, 2008",,,,,,,,,,,,,,,
57824,Dog_Detail?DogID=57824,GWEEBARRA'S KOHL BARRON JOHN,Dog_Detail?DogID=57824,BARRON,WS25715808 (AKC),"Feb 25, 2008",,,,,,,,,,,,,,,
61896,Dog_Detail?DogID=61896,GWEEBARRA'S LAUGHING OUT LOUD,Dog_Detail?DogID=61896,LUCY,WS27466003 (AKC),"Sep 10, 2008",,V550322 (AKC),,,,,,,,,,,,,
62275,Dog_Detail?DogID=62275,GWEEBARRA'S LINUS SANCHO,Dog_Detail?DogID=62275,LINUS,WS27466002 (AKC),"Sep 10, 2008",,,,,,,,,,,,,,,
74663,Dog_Detail?DogID=74663,GWEEBARRA'S MANHATTAN BELLE,Dog_Detail?DogID=74663,LULU,WS34799603 (AKC),"Jul 14, 2010",,,,,,,,,,,,,,,
74661,Dog_Detail?DogID=74661,GWEEBARRA'S MAUI WAUI,Dog_Detail?DogID=74661,EENIE,WS34799601 (AKC),"Jul 14, 2010","Feb 22, 2012",V625408 (AKC),,,,,,,,,,,,,
74662,Dog_Detail?DogID=74662,GWEEBARRA'S MIDAS TOUCH AKA SCOUT,Dog_Detail?DogID=74662,SCOUT,WS34799602 (AKC),"Jul 14, 2010","Nov 27, 2022",,,,,,,,,,,,,,
74665,Dog_Detail?DogID=74665,GWEEBARRA'S MO-CHISMOS GOOD KARMA,Dog_Detail?DogID=74665,MO,WS34799604 (AKC),"Jul 14, 2010",,,,,,,,,,,,,,,
81098,Dog_Detail?DogID=81098,GWEEBARRA'S NANEZ BOSCO,Dog_Detail?DogID=81098,BOSCO,WS38331505 (AKC),"Aug 11, 2011",,,,,,,,,,,,,,,
81095,Dog_Detail?DogID=81095,GWEEBARRA'S NEW LOVE BELLA LE,Dog_Detail?DogID=81095,BELLA,"WS38331501 (AKC),  (AKC)","Aug 11, 2011",,,,,,,,,,,,,,,
81096,Dog_Detail?DogID=81096,GWEEBARRA'S NEWMAN,Dog_Detail?DogID=81096,RANGER,WS38331502 (AKC),"Aug 11, 2011","Dec 20, 2022",,,,,,,,,,,,,,
81097,Dog_Detail?DogID=81097,GWEEBARRA'S NOBLE,Dog_Detail?DogID=81097,FRITZ,WS38331504 (AKC),"Aug 11, 2011",,,,,,,,,,,,,,,
81099,Dog_Detail?DogID=81099,GWEEBARRA'S NO-NO NANETTE,Dog_Detail?DogID=81099,NETTY,WS38331503 (AKC),"Aug 11, 2011","Nov 25, 2022",V658878 (AKC),,,,,,,,,,,,,
89385,Dog_Detail?DogID=89385,GWEEBARRA'S O,Dog_Detail?DogID=89385,REVERY,WS41866101 (AKC),"Aug 12, 2012",,,,,,,,,,,,,,,
89386,Dog_Detail?DogID=89386,GWEEBARRA'S OH THE PLACES YOU'LL GO,Dog_Detail?DogID=89386,MIMI,WS41866102 (AKC),"Aug 12, 2012",,,,,,,,,,,,,,,
89388,Dog_Detail?DogID=89388,GWEEBARRA'S OLYMPIAN,Dog_Detail?DogID=89388,ZEUS,WS41866104 (AKC),"Aug 12, 2012",,,,,,,,,,,,,,,
89389,Dog_Detail?DogID=89389,GWEEBARRA'S OOH-LA-LA,Dog_Detail?DogID=89389,SOPHIE,WS41866105 (AKC),"Aug 12, 2012",,,,,,,,,,,,,,,
89387,Dog_Detail?DogID=89387,GWEEBARRA'S ORIGINAL COWBOY,Dog_Detail?DogID=89387,LANDRY,WS41866103 (AKC),"Aug 12, 2012",,,,,,,,,,,,,,,
42181,Dog_Detail?DogID=42181,PUPPY 12/26/06,Dog_Detail?DogID=42181,,,"Dec 26, 2006","Jan 6, 2007",,,,,,,,,,,,,,
57825,Dog_Detail?DogID=57825,WINSTON,Dog_Detail?DogID=57825,WINSTON,WS25715809,"Feb 25, 2008",,,,,,,,,,,,,,,
50856,Dog_Detail?DogID=50856,WS084136XX,Dog_Detail?DogID=50856,,WS084136XX,"Apr 26, 2004","Apr 26, 2004",,,,,,,,,,,,,,
57829,Dog_Detail?DogID=57829,YELLOW GIRL - RILEY,Dog_Detail?DogID=57829,RILEY,WS25715804,"Feb 25, 2008",,,,,,,,,,,,,,,
52592,Dog_Detail?DogID=52592,ZIGGY,Dog_Detail?DogID=52592,ZIGGY,,"Feb 24, 1998","Jul 30, 2009",,,,,,,,,,,,,,
,,,,,,,,,NKK,Elbows,ED-0,Normal,"Oct 10, 2024",,,,,,,,
,,,,,,,,,NKK,Hips,HD-B/A,Normal B,"Oct 11, 2024",,,,,,,,
,,,,,,,,,ANTGN,Histiocytic Sarcoma Genetic Risk Test,A00091696,Tested,"Nov 28, 2024",,,,,,,,
,,,,,,,,,,,,,,Unique Dogs in pedigree:,3,Complete Generations:,0,,,,
15134,Dog_Detail?DogID=15134,ANDANTE TALIESIN VON SAMMS,Dog_Detail?DogID=15134,ANDANTE,WP76497004 (AKC),"Feb 28, 1997",,,,,,,,,,,,,,,
14133,Dog_Detail?DogID=14133,ARUNDEL TYRELLA V TALIESIN,Dog_Detail?DogID=14133,,WE758926 (AKC),"Dec 7, 1980",,,,,,,,,,,,,,,
811,Dog_Detail?DogID=811,BROSI'S BANNER FOR TALIESIN,Dog_Detail?DogID=811,BANNER,WF434529 (AKC),"Mar 18, 1983","Mar 15, 1986",,,,,,,,,,,,,,
4858,Dog_Detail?DogID=4858,CELESTE RACETTE V TALIESIN,Dog_Detail?DogID=4858,,WG077126 (AKC),"Dec 2, 1987",,,,,,,,,,,,,,,
5634,Dog_Detail?DogID=5634,CHATHAM'S AMBROSIA V TALIESIN,Dog_Detail?DogID=5634,AMBROSIA,WE941395 (AKC),"Jun 11, 1981",,,,,,,,,,,,,,,
14164,Dog_Detail?DogID=14164,CHESTERFIELD V TALIESIN,Dog_Detail?DogID=14164,,WP47047402 (AKC),"Mar 17, 1993",,,,,,,,,,,,,,,
6,Dog_Detail?DogID=6,COPY'S AMBROSIA V TALIESIN,Dog_Detail?DogID=6,BROSI,WD813042 (AKC),"Jul 11, 1977","Aug 7, 1987",,,,,,,,,,,,,,
7,Dog_Detail?DogID=7,COPY'S CHANTAL V TALIESIN,Dog_Detail?DogID=7,CHANTAL,WD813041 (AKC),"Jul 11, 1977","Jan 6, 1986",,,,,,,,,,,,,,
4239,Dog_Detail?DogID=4239,CRYSTAL BONBON V TALIESIN,Dog_Detail?DogID=4239,CHRISTY,WE913420 (AKC),"Jun 11, 1981",,,,,,,,,,,,,,,
35347,Dog_Detail?DogID=35347,DE-LI'S NEW TWIST V TALIESIN,Dog_Detail?DogID=35347,ALEX,WP83608801 (AKC),"Jan 27, 1998",,,,,,,,,,,,,,,
34026,Dog_Detail?DogID=34026,DE-LI'S THE ENVELOPE PLEASE,Dog_Detail?DogID=34026,OSCAR,WP83608805 (AKC),"Jan 27, 1998",,V224294 (AKC),,,,,,,,,,,,,
14163,Dog_Detail?DogID=14163,DEOGIE BLUE,Dog_Detail?DogID=14163,,WP47047401 (AKC),"Mar 17, 1993",,,,,,,,,,,,,,,
14167,Dog_Detail?DogID=14167,FABRIZIO TALIESIN,Dog_Detail?DogID=14167,,WP47047404 (AKC),"Mar 17, 1993",,,,,,,,,,,,,,,
469,Dog_Detail?DogID=469,FELS VON MUENSTERPLATZ,Dog_Detail?DogID=469,,WD800880 (AKC),"Jul 11, 1977","Apr 16, 1985",,,,,,,,,,,,,,
1170,Dog_Detail?DogID=1170,GREENWAY'S SAGE V TALIESIN,Dog_Detail?DogID=1170,,WE934828 (AKC),"Jun 11, 1981","Jun 15, 1989",,,,,,,,,,,,,,
14144,Dog_Detail?DogID=14144,LAURA'S BANDIT V TALIESIN,Dog_Detail?DogID=14144,,WF152655 (AKC),"Apr 5, 1982",,,,,,,,,,,,,,,
159,Dog_Detail?DogID=159,MEADOWROCK GOLIATH V KOPP,Dog_Detail?DogID=159,,WE060325 (AKC),"Jul 6, 1978",,,,,,,,,,,,,,,
6660,Dog_Detail?DogID=6660,NAKISKA'S BREITA V TALIESIN,Dog_Detail?DogID=6660,BREITA,WG092097 (AKC),"Dec 2, 1987","Aug 15, 1988",,,,,,,,,,,,,,
9661,Dog_Detail?DogID=9661,O'ROLAND,Dog_Detail?DogID=9661,ROLLO,,"Aug 29, 1988","Feb 27, 1993",,,,,,,,,,,,,,
7458,Dog_Detail?DogID=7458,PARKER WELLINGTON-SMYTHE,Dog_Detail?DogID=7458,PARKER,WF551077 (AKC),"Apr 5, 1984","Sep 18, 1991",,,,,,,,,,,,,,
14132,Dog_Detail?DogID=14132,PETERS BEAR TEDDY V TALIESIN,Dog_Detail?DogID=14132,,,"Dec 7, 1980",,,,,,,,,,,,,,,
2431,Dog_Detail?DogID=2431,RIVA STAR TALIESIN,Dog_Detail?DogID=2431,HAPPY,WF743020 (AKC),"May 20, 1985","Mar 24, 1994",,,,,,,,,,,,,,
18415,Dog_Detail?DogID=18415,ROSEMARIE TALISIN TOSCA,Dog_Detail?DogID=18415,,WP83608804 (AKC),"Jan 27, 1998",,,,,,,,,,,,,,,
14171,Dog_Detail?DogID=14171,ROSSIGNOL TALIESEN,Dog_Detail?DogID=14171,,WP54472305 (AKC),"Mar 19, 1994",,,,,,,,,,,,,,,
7136,Dog_Detail?DogID=7136,SANCTUARY WOOD'S KARA,Dog_Detail?DogID=7136,KARA,(AKC),"Jun 24, 1973",,,,,,,,,,,,,,,
1745,Dog_Detail?DogID=1745,SANCTUARY WOODS SALUTE V COPY,Dog_Detail?DogID=1745,,WC604503 (AKC),"Jun 24, 1973",,,,,,,,,,,,,,,
15131,Dog_Detail?DogID=15131,SCARLETT,Dog_Detail?DogID=15131,SCARLETT,WP76497006 (AKC),"Feb 28, 1997",,,,,,,,,,,,,,,
52,Dog_Detail?DogID=52,SOULI VOM BERNERBEAR,Dog_Detail?DogID=52,,,"Jul 6, 1978",,,,,,,,,,,,,,,
14170,Dog_Detail?DogID=14170,TALIESEN'S CAROLINA SACHA,Dog_Detail?DogID=14170,,WP54472306 (AKC),"Mar 19, 1994",,,,,,,,,,,,,,,
15132,Dog_Detail?DogID=15132,TALIESIN BALOO,Dog_Detail?DogID=15132,BALOO,WP764970 (AKC),"Feb 28, 1997",,,,,,,,,,,,,,,
8375,Dog_Detail?DogID=8375,TALIESIN BARGIS,Dog_Detail?DogID=8375,BARGIS,,"Mar 18, 1983","Jan 25, 1992",,,,,,,,,,,,,,
6657,Dog_Detail?DogID=6657,TALIESIN BELDEN HILL BRI,Dog_Detail?DogID=6657,BRI,WG176293 (AKC),"Jul 9, 1988",,,,,,,,,,,,,,,
14177,Dog_Detail?DogID=14177,TALIESIN BOOMER,Dog_Detail?DogID=14177,,WP65181702 (AKC),"Aug 22, 1995","Feb 14, 2004",,,,,,,,,,,,,,
14105,Dog_Detail?DogID=14105,TALIESIN BOOZER,Dog_Detail?DogID=14105,,,"Jun 24, 1973",,,,,,,,,,,,,,,
15130,Dog_Detail?DogID=15130,TALIESIN BREGETTA VON TRAPP,Dog_Detail?DogID=15130,BRYETA,WP76497008 (AKC),"Feb 28, 1997",,,,,,,,,,,,,,,
14110,Dog_Detail?DogID=14110,TALIESIN BRUNO,Dog_Detail?DogID=14110,,,"Dec 19, 1976",,,,,,,,,,,,,,,
15133,Dog_Detail?DogID=15133,TALIESIN CARA'D FREULI,Dog_Detail?DogID=15133,CARA,WP76497005 (AKC),"Feb 28, 1997",,V43307 (AKC),,,,,,,,,,,,,
6659,Dog_Detail?DogID=6659,TALIESIN CASEY OF SEAL BEACH,Dog_Detail?DogID=6659,CASEY,WG148788 (AKC),"Dec 2, 1987","Mar 17, 1996",,,,,,,,,,,,,,
15137,Dog_Detail?DogID=15137,TALIESIN CHEERS FOR FROHLICH,Dog_Detail?DogID=15137,CHEERS,WP76497007 (AKC),"Feb 28, 1997",,,,,,,,,,,,,,,
2154,Dog_Detail?DogID=2154,TALIESIN COPY V MEADOWROCK,Dog_Detail?DogID=2154,,WD876744 (AKC),"Jul 11, 1977",,,,,,,,,,,,,,,
15135,Dog_Detail?DogID=15135,TALIESIN DAISY,Dog_Detail?DogID=15135,DAISY,WP764970 (AKC),"Feb 28, 1997",,,,,,,,,,,,,,,
14162,Dog_Detail?DogID=14162,TALIESIN DARK SEA'S KELSEY,Dog_Detail?DogID=14162,,WP36863601 (AKC),"Sep 3, 1991",,,,,,,,,,,,,,,
14117,Dog_Detail?DogID=14117,TALIESIN DESTINY,Dog_Detail?DogID=14117,,,"Jul 11, 1977",,,,,,,,,,,,,,,
14113,Dog_Detail?DogID=14113,TALIESIN HARALD,Dog_Detail?DogID=14113,,,"Dec 19, 1976",,,,,,,,,,,,,,,
14111,Dog_Detail?DogID=14111,TALIESIN HEIDI,Dog_Detail?DogID=14111,,,"Dec 19, 1976",,,,,,,,,,,,,,,
14165,Dog_Detail?DogID=14165,TALIESIN JEMS LADY SCARLETT,Dog_Detail?DogID=14165,,WP47047406 (AKC),"Mar 17, 1993",,,,,,,,,,,,,,,
5815,Dog_Detail?DogID=5815,TALIESIN JERETTE DE RACLETTE,Dog_Detail?DogID=5815,JERI,WG327690 (AKC),"Jul 9, 1988",,,,,,,,,,,,,,,
787,Dog_Detail?DogID=787,TALIESIN KLAUS,Dog_Detail?DogID=787,KLAUS,WF081417 (AKC),"Jun 11, 1981","Jun 15, 1993",,,,,,,,,,,,,,
8786,Dog_Detail?DogID=8786,TALIESIN KYBO V COPYRIGHT,Dog_Detail?DogID=8786,KY,WC590098 (AKC),"Jun 24, 1973","Jul 15, 1983",,,,,,,,,,,,,,
14118,Dog_Detail?DogID=14118,TALIESIN LUCKY LADY,Dog_Detail?DogID=14118,,,"Jul 11, 1977",,,,,,,,,,,,,,,
14107,Dog_Detail?DogID=14107,TALIESIN LUPITRA-STAR,Dog_Detail?DogID=14107,,,"Jun 24, 1973",,,,,,,,,,,,,,,
14108,Dog_Detail?DogID=14108,TALIESIN MAXI,Dog_Detail?DogID=14108,,,"Dec 19, 1976",,,,,,,,,,,,,,,
14166,Dog_Detail?DogID=14166,TALIESIN MONTANA CHAMONIX,Dog_Detail?DogID=14166,,WP47047405 (AKC),"Mar 17, 1993",,,,,,,,,,,,,,,
14142,Dog_Detail?DogID=14142,TALIESIN OCTAVIA,Dog_Detail?DogID=14142,,WE985744 (AKC),"Jun 11, 1981",,,,,,,,,,,,,,,
47164,Dog_Detail?DogID=47164,TALIESIN OLIVER JOSHUA,Dog_Detail?DogID=47164,,WP83608809 (AKC),"Jan 27, 1998",,,,,,,,,,,,,,,
14112,Dog_Detail?DogID=14112,TALIESIN PATCHES,Dog_Detail?DogID=14112,,,"Dec 19, 1976",,,,,,,,,,,,,,,
14120,Dog_Detail?DogID=14120,TALIESIN PEPPER,Dog_Detail?DogID=14120,,,"Jul 6, 1978",,,,,,,,,,,,,,,
14106,Dog_Detail?DogID=14106,TALIESIN PRIDE,Dog_Detail?DogID=14106,,,"Jun 24, 1973",,,,,,,,,,,,,,,
4,Dog_Detail?DogID=4,TALIESIN RACLETTE D'ALDO,Dog_Detail?DogID=4,RACLETTE,WF169978 (AKC),"Apr 5, 1982","May 15, 1992",,,,,,,,,,,,,,
15136,Dog_Detail?DogID=15136,TALIESIN ROCKY,Dog_Detail?DogID=15136,ROCKY,WP764970 (AKC),"Feb 28, 1997",,,,,,,,,,,,,,,
5800,Dog_Detail?DogID=5800,TALIESIN RUFF STUFF,Dog_Detail?DogID=5800,DASH,WG327691 (AKC),"Jul 9, 1988","Apr 27, 1997",,,,,,,,,,,,,,
14116,Dog_Detail?DogID=14116,TALIESIN SIERRA,Dog_Detail?DogID=14116,,,"Jul 11, 1977",,,,,,,,,,,,,,,
14103,Dog_Detail?DogID=14103,TALIESIN SIERRA DE GORDO,Dog_Detail?DogID=14103,,,"Feb 15, 1973",,,,,,,,,,,,,,,
14174,Dog_Detail?DogID=14174,TALIESIN TABOO V BINGGELI,Dog_Detail?DogID=14174,,WP54472301 (AKC),"Mar 19, 1994",,,,,,,,,,,,,,,
14104,Dog_Detail?DogID=14104,TALIESIN TARQUIN V COPYRIGHT,Dog_Detail?DogID=14104,,,"Jun 24, 1973",,,,,,,,,,,,,,,
10073,Dog_Detail?DogID=10073,TALIESIN THAIS,Dog_Detail?DogID=10073,TY,WP36863602 (AKC),"Sep 3, 1991","Jun 5, 1997",,,,,,,,,,,,,,
6109,Dog_Detail?DogID=6109,TALIESIN THUNDER,Dog_Detail?DogID=6109,THUNDER,WG327692 (AKC),"Jul 9, 1988","Jan 1, 1996",,,,,,,,,,,,,,
14109,Dog_Detail?DogID=14109,TALIESIN TITUS,Dog_Detail?DogID=14109,,,"Dec 19, 1976",,,,,,,,,,,,,,,
13987,Dog_Detail?DogID=13987,TALIESIN TOSCA V BINGGELI,Dog_Detail?DogID=13987,COSY,WP54472302 (AKC),"Mar 19, 1994",Yes-no date,,,,,,,,,,,,,,
47166,Dog_Detail?DogID=47166,TALIESIN VOM BERNERBAR,Dog_Detail?DogID=47166,,"WF724653 (AKC), SHSB 395509 (SKG)","May 20, 1985",,,,,,,,,,,,,,,
14168,Dog_Detail?DogID=14168,TALIESIN YOGI OF JELLYSTONE,Dog_Detail?DogID=14168,,WP47047403 (AKC),"Mar 17, 1993",,,,,,,,,,,,,,,
14121,Dog_Detail?DogID=14121,TALIESIN ZIGGY,Dog_Detail?DogID=14121,,,"Jul 6, 1978",,,,,,,,,,,,,,,
14114,Dog_Detail?DogID=14114,TALIESIN ZORRO,Dog_Detail?DogID=14114,,,"Dec 19, 1976",,,,,,,,,,,,,,,
14119,Dog_Detail?DogID=14119,TALIESIN ZWINGLI,Dog_Detail?DogID=14119,,,"Jul 6, 1978",,,,,,,,,,,,,,,
14129,Dog_Detail?DogID=14129,TALIESIN'S BACH,Dog_Detail?DogID=14129,,,"Feb 6, 1979",,,,,,,,,,,,,,,
14134,Dog_Detail?DogID=14134,TALIESIN'S BAERI,Dog_Detail?DogID=14134,,,"Dec 7, 1980",,,,,,,,,,,,,,,
14102,Dog_Detail?DogID=14102,TALIESIN'S BEAR,Dog_Detail?DogID=14102,,,"Feb 15, 1973",,,,,,,,,,,,,,,
14139,Dog_Detail?DogID=14139,TALIESIN'S BENJAMIN,Dog_Detail?DogID=14139,,,"Jun 11, 1981",,,,,,,,,,,,,,,
14130,Dog_Detail?DogID=14130,TALIESIN'S BERNIE,Dog_Detail?DogID=14130,,,"Feb 6, 1979","Feb 1, 1985",,,,,,,,,,,,,,
14136,Dog_Detail?DogID=14136,TALIESIN'S BONNIE,Dog_Detail?DogID=14136,,,"Jun 11, 1981",,,,,,,,,,,,,,,
14157,Dog_Detail?DogID=14157,TALIESIN'S BRENDAN,Dog_Detail?DogID=14157,,,"May 20, 1985",,,,,,,,,,,,,,,
14169,Dog_Detail?DogID=14169,TALIESIN'S CAYMUS,Dog_Detail?DogID=14169,,WP47047407,"Mar 17, 1993",,,,,,,,,,,,,,,
14173,Dog_Detail?DogID=14173,TALIESIN'S CHLOE,Dog_Detail?DogID=14173,,WP54472304   * (AKC),"Mar 19, 1994",,,,,,,,,,,,,,,
14149,Dog_Detail?DogID=14149,TALIESIN'S CLYDE,Dog_Detail?DogID=14149,,,"Mar 18, 1983",,,,,,,,,,,,,,,
14122,Dog_Detail?DogID=14122,TALIESIN'S CODY,Dog_Detail?DogID=14122,,,"Feb 6, 1979",,,,,,,,,,,,,,,
14123,Dog_Detail?DogID=14123,TALIESIN'S CRYSTAL,Dog_Detail?DogID=14123,,,"Feb 6, 1979",,,,,,,,,,,,,,,
14148,Dog_Detail?DogID=14148,TALIESIN'S DAISY,Dog_Detail?DogID=14148,,,"Mar 18, 1983",,,,,,,,,,,,,,,
14137,Dog_Detail?DogID=14137,TALIESIN'S DAMEY,Dog_Detail?DogID=14137,,,"Jun 11, 1981",,,,,,,,,,,,,,,
14155,Dog_Detail?DogID=14155,TALIESIN'S EMILY,Dog_Detail?DogID=14155,,,"Apr 5, 1984","Jan 4, 1989",,,,,,,,,,,,,,
5646,Dog_Detail?DogID=5646,TALIESIN'S HANNIBAL,Dog_Detail?DogID=5646,HANNIBAL,,"Feb 6, 1979",,,,,,,,,,,,,,,
14159,Dog_Detail?DogID=14159,TALIESIN'S HEIDI HO,Dog_Detail?DogID=14159,,,"May 20, 1985",,,,,,,,,,,,,,,
51849,Dog_Detail?DogID=51849,TALIESIN'S HIGHLAND ROGUE,Dog_Detail?DogID=51849,,WE985004 (AKC),"Jun 11, 1981",,,,,,,,,,,,,,,
9046,Dog_Detail?DogID=9046,TALIESIN'S JASON,Dog_Detail?DogID=9046,JASON,WF410720 (AKC),"Mar 18, 1983",,,,,,,,,,,,,,,
14125,Dog_Detail?DogID=14125,TALIESIN'S KEESHA,Dog_Detail?DogID=14125,,,"Feb 6, 1979",,,,,,,,,,,,,,,
6658,Dog_Detail?DogID=6658,TALIESIN'S KELLY,Dog_Detail?DogID=6658,KELLY,WP15636902,"Dec 2, 1987",,,,,,,,,,,,,,,
14143,Dog_Detail?DogID=14143,TALIESIN'S LISA,Dog_Detail?DogID=14143,,,"Apr 5, 1982",,,,,,,,,,,,,,,
14160,Dog_Detail?DogID=14160,TALIESINS LOKI V BARENGRABEN,Dog_Detail?DogID=14160,,WF737354 (AKC),"May 20, 1985",,,,,,,,,,,,,,,
14124,Dog_Detail?DogID=14124,TALIESIN'S LORELEI,Dog_Detail?DogID=14124,,,"Feb 6, 1979",,,,,,,,,,,,,,,
487,Dog_Detail?DogID=487,TALIESIN'S MARNEY-B,Dog_Detail?DogID=487,MARNEY,WE921613 (AKC),"Jun 11, 1981","Jun 17, 1993",,,,,,,,,,,,,,
14140,Dog_Detail?DogID=14140,TALIESIN'S MAX,Dog_Detail?DogID=14140,,,"Jun 11, 1981",,,,,,,,,,,,,,,
48204,Dog_Detail?DogID=48204,BRUNO ASHCENBRENNER,Dog_Detail?DogID=48204,,WP97850206 (AKC),"Apr 23, 2000",,,,,,,,,,,,,,,
48202,Dog_Detail?DogID=48202,CLEANSWEEP HOOVER OF ANNAPOLIS,Dog_Detail?DogID=48202,HOOVER,WP97850201 (AKC),"Apr 23, 2000","Sep 15, 2008",,,,,,,,,,,,,,
24477,Dog_Detail?DogID=24477,COOPER,Dog_Detail?DogID=24477,COOPER,,"Feb 2, 1998","Mar 30, 2005",,,,,,,,,,,,,,
5017,Dog_Detail?DogID=5017,KATLEY'S EBONY PARADE,Dog_Detail?DogID=5017,,WF527151 (AKC),"Dec 31, 1983",,,,,,,,,,,,,,,
12946,Dog_Detail?DogID=12946,MISS BLUE V SNOW PALS,Dog_Detail?DogID=12946,CHOMO,,"Dec 31, 1983","Dec 30, 1994",,,,,,,,,,,,,,
48205,Dog_Detail?DogID=48205,NIKKI,Dog_Detail?DogID=48205,,WP97850207 (AKC),"Apr 23, 2000",,,,,,,,,,,,,,,
48198,Dog_Detail?DogID=48198,SAMSON SCOTT,Dog_Detail?DogID=48198,,WP91812803 (AKC),"May 8, 1999",,,,,,,,,,,,,,,
48199,Dog_Detail?DogID=48199,SNOW PALS,Dog_Detail?DogID=48199,,WP52839802 (AKC),"Dec 1, 1993",,,,,,,,,,,,,,,
48210,Dog_Detail?DogID=48210,SNOW PAL'S AFTER MIDNIGHT,Dog_Detail?DogID=48210,,WP35857403 (AKC),"May 16, 1991",,,,,,,,,,,,,,,
48214,Dog_Detail?DogID=48214,SNOW PAL'S ALL THAT GLITTERS,Dog_Detail?DogID=48214,,WG448102 (AKC),"Oct 18, 1989",,,,,,,,,,,,,,,
7819,Dog_Detail?DogID=7819,SNOW PALS APPLE OF MY EYE,Dog_Detail?DogID=7819,,WG524518 (AKC),"Oct 18, 1989",,,,,,,,,,,,,,,
3150,Dog_Detail?DogID=3150,SNOW PALS BERNADETTE,Dog_Detail?DogID=3150,BERNIE,WF940718 (AKC),"Aug 28, 1986",,,,,,,,,,,,,,,
3379,Dog_Detail?DogID=3379,SNOW PALS COLOR MY CALLIOPE,Dog_Detail?DogID=3379,CALLY,WF916233 (AKC),"Aug 28, 1986",,,,,,,,,,,,,,,
14787,Dog_Detail?DogID=14787,SNOW PALS E B ALLGOOD,Dog_Detail?DogID=14787,E B,WP67822002 (AKC),"Nov 7, 1995",,,,,,,,,,,,,,,
48201,Dog_Detail?DogID=48201,SNOW PALS EASTER SURPRISE,Dog_Detail?DogID=48201,,WP97850203 (AKC),"Apr 23, 2000",,,,,,,,,,,,,,,
9874,Dog_Detail?DogID=9874,SNOW PALS FANNIE MAY,Dog_Detail?DogID=9874,,WP35857402 (AKC),"May 16, 1991",,,,,,,,,,,,,,,
39375,Dog_Detail?DogID=39375,SNOW PALS FANTASIE,Dog_Detail?DogID=39375,,WP97850211 (AKC),"Apr 23, 2000",,,,,,,,,,,,,,,
7511,Dog_Detail?DogID=7511,SNOW PALS FINALE V FARAH,Dog_Detail?DogID=7511,ALI,WG347961 (AKC),"Mar 3, 1989",,,,,,,,,,,,,,,
48197,Dog_Detail?DogID=48197,SNOW PALS FORTISSIMO,Dog_Detail?DogID=48197,,WP91812801 (AKC),"May 8, 1999",,,,,,,,,,,,,,,
16607,Dog_Detail?DogID=16607,SNOW PALS FRISCO,Dog_Detail?DogID=16607,,WP67822001 (AKC),"Nov 7, 1995",,,,,,,,,,,,,,,
29825,Dog_Detail?DogID=29825,SNOW PALS FROST WARNING,Dog_Detail?DogID=29825,BENTLEY,WR06648702 (AKC),"Jan 18, 2002","Jun 6, 2006",,,,,,,,,,,,,,
48200,Dog_Detail?DogID=48200,SNOW PALS HEIDI MAE,Dog_Detail?DogID=48200,,WP52839803 (AKC),"Dec 1, 1993",,,,,,,,,,,,,,,
46096,Dog_Detail?DogID=46096,SNOW PALS MISS DOTS,Dog_Detail?DogID=46096,,WF607104 (AKC),"Dec 31, 1983",,,,,,,,,,,,,,,
14433,Dog_Detail?DogID=14433,SNOW PALS MONTANA,Dog_Detail?DogID=14433,,WP52839801 (AKC),"Dec 1, 1993",,,,,,,,,,,,,,,
48224,Dog_Detail?DogID=48224,SNOW PALS NORTHERN EXPOSURE,Dog_Detail?DogID=48224,,WP62350201 (AKC),"Mar 13, 1995",,,,,,,,,,,,,,,
4070,Dog_Detail?DogID=4070,SNOW PALS PRINCIPAL DANCER,Dog_Detail?DogID=4070,BOPPER,WG166426 (AKC),"Aug 29, 1987",,,,,,,,,,,,,,,
8078,Dog_Detail?DogID=8078,SNOW PALS QUAKER,Dog_Detail?DogID=8078,,WG524519 (AKC),"Oct 18, 1989",,,,,,,,,,,,,,,
36413,Dog_Detail?DogID=36413,SNOW PALS RASPBERRY,Dog_Detail?DogID=36413,,WP91812802 (AKC),"May 8, 1999",,,,,,,,,,,,,,,
48208,Dog_Detail?DogID=48208,SNOW PALS RUFFLES N'FLOURISHES,Dog_Detail?DogID=48208,,WP35857401 (AKC),"May 16, 1991",,,,,,,,,,,,,,,
48203,Dog_Detail?DogID=48203,SNOW PALS SNOWFLAKE BENTLEY,Dog_Detail?DogID=48203,,WP97850202 (AKC),"Apr 23, 2000",,,,,,,,,,,,,,,
48207,Dog_Detail?DogID=48207,SNOW PALS STARSTRIKER,Dog_Detail?DogID=48207,,WP97850210 (AKC),"Apr 23, 2000",,,,,,,,,,,,,,,
16625,Dog_Detail?DogID=16625,SNOW PALS SUGAR N SPICE,Dog_Detail?DogID=16625,,WP62350202 (AKC),"Mar 13, 1995",,,,,,,,,,,,,,,
2214,Dog_Detail?DogID=2214,SNOW PALS TRIXIE HONEYMOONER,Dog_Detail?DogID=2214,TRIXIE,WF904589 (AKC),"Aug 28, 1986",,,,,,,,,,,,,,,
48206,Dog_Detail?DogID=48206,SNOW PALS WAKE UP LI'L SUSIE,Dog_Detail?DogID=48206,,WP97850209 (AKC),"Apr 23, 2000",,,,,,,,,,,,,,,
132967,Dog_Detail?DogID=132967,COUNTESS OF NATASHA OF SHIMISU,Dog_Detail?DogID=132967,,KC (KC),"Sep 24, 1986",,,,,,,,,,,,,,,
132965,Dog_Detail?DogID=132965,KERRYAN AMBER,Dog_Detail?DogID=132965,,KC (KC),"Apr 26, 1987",,,,,,,,,,,,,,,
133913,Dog_Detail?DogID=133913,LITTLEHIDDEN AMBER,Dog_Detail?DogID=133913,,KC (KC),"Jun 30, 1989",,,,,,,,,,,,,,,
98350,Dog_Detail?DogID=98350,LITTLEHIDDEN BELLA,Dog_Detail?DogID=98350,,KC (KC),"Jun 30, 1989",,,,,,,,,,,,,,,
41191,Dog_Detail?DogID=41191,LITTLEHIDDEN BETONY,Dog_Detail?DogID=41191,,KC (KC),"Jul 6, 1996",,,,,,,,,,,,,,,
112776,Dog_Detail?DogID=112776,LITTLEHIDDEN BILLY BUTTON,Dog_Detail?DogID=112776,,KC (KC),"May 17, 2002",,,,,,,,,,,,,,,
104972,Dog_Detail?DogID=104972,LITTLEHIDDEN BITTER SWEET,Dog_Detail?DogID=104972,,KC (KC),"Aug 28, 1997",,,,,,,,,,,,,,,
113507,Dog_Detail?DogID=113507,LITTLEHIDDEN BLACKBERRY,Dog_Detail?DogID=113507,,KC (KC),"May 15, 2003",,,,,,,,,,,,,,,
106989,Dog_Detail?DogID=106989,LITTLEHIDDEN BLACKBIRD,Dog_Detail?DogID=106989,,KC (KC),"Aug 15, 2005",,,,,,,,,,,,,,,
113508,Dog_Detail?DogID=113508,LITTLEHIDDEN BLACKTHORN,Dog_Detail?DogID=113508,,KC (KC),"May 15, 2003",,,,,,,,,,,,,,,
28119,Dog_Detail?DogID=28119,LITTLEHIDDEN BLUE TIT,Dog_Detail?DogID=28119,PIXIE,AF03616702 (KC),"Aug 15, 2005","Feb 10, 2015",,,,,,,,,,,,,,
194337,Dog_Detail?DogID=194337,LITTLEHIDDEN BRONO,Dog_Detail?DogID=194337,,KC (KC),"Oct 3, 2020",,,,,,,,,,,,,,,
133914,Dog_Detail?DogID=133914,LITTLEHIDDEN BRUNO,Dog_Detail?DogID=133914,,KC (KC),"Jun 30, 1989",,,,,,,,,,,,,,,
102421,Dog_Detail?DogID=102421,LITTLEHIDDEN CANADICANS,Dog_Detail?DogID=102421,,KC (KC),"Apr 20, 1994",,,,,,,,,,,,,,,
102422,Dog_Detail?DogID=102422,LITTLEHIDDEN CANDIDATE,Dog_Detail?DogID=102422,,KC (KC),"Apr 20, 1994",,,,,,,,,,,,,,,
102423,Dog_Detail?DogID=102423,LITTLEHIDDEN CANDYFLOSS,Dog_Detail?DogID=102423,,KC (KC),"Apr 20, 1994",,,,,,,,,,,,,,,
102424,Dog_Detail?DogID=102424,LITTLEHIDDEN CANDYMAN,Dog_Detail?DogID=102424,,KC (KC),"Apr 20, 1994",,,,,,,,,,,,,,,
102425,Dog_Detail?DogID=102425,LITTLEHIDDEN CANDYTUFT,Dog_Detail?DogID=102425,,KC (KC),"Apr 20, 1994",,,,,,,,,,,,,,,
106990,Dog_Detail?DogID=106990,LITTLEHIDDEN CHAFFINCH,Dog_Detail?DogID=106990,,KC (KC),"Aug 15, 2005",,,,,,,,,,,,,,,
145250,Dog_Detail?DogID=145250,LITTLEHIDDEN CHILLI PEPPER,Dog_Detail?DogID=145250,,KC (KC),"Jul 13, 2017",,,,,,,,,,,,,,,
145251,Dog_Detail?DogID=145251,LITTLEHIDDEN CINNAMON,Dog_Detail?DogID=145251,,KC (KC),"Jul 13, 2017",,,,,,,,,,,,,,,
42593,Dog_Detail?DogID=42593,LITTLEHIDDEN CLARY,Dog_Detail?DogID=42593,,KC (KC),"Jul 6, 1996",,,,,,,,,,,,,,,
133915,Dog_Detail?DogID=133915,LITTLEHIDDEN CLEOPATRA,Dog_Detail?DogID=133915,,KC (KC),"Jun 30, 1989",,,,,,,,,,,,,,,
104076,Dog_Detail?DogID=104076,LITTLEHIDDEN COWSLIP,Dog_Detail?DogID=104076,,KC (KC),"Jul 6, 1996",,,,,,,,,,,,,,,
38698,Dog_Detail?DogID=38698,LITTLEHIDDEN DELILAH,Dog_Detail?DogID=38698,,KC (KC),"Oct 15, 1992",,,,,,,,,,,,,,,
101531,Dog_Detail?DogID=101531,LITTLEHIDDEN FIELDFARE,Dog_Detail?DogID=101531,,KC (KC),"Mar 23, 2006",,,,,,,,,,,,,,,
112777,Dog_Detail?DogID=112777,LITTLEHIDDEN FLOW ROSRING,Dog_Detail?DogID=112777,,KC (KC),"May 17, 2002",,,,,,,,,,,,,,,
93197,Dog_Detail?DogID=93197,LITTLEHIDDEN FOREST FLAME AT CLONTORACH,Dog_Detail?DogID=93197,,KC (KC),"May 17, 2002",,,,,,,,,,,,,,,
194338,Dog_Detail?DogID=194338,LITTLEHIDDEN FREYA,Dog_Detail?DogID=194338,,KC (KC),"Oct 3, 2020",,,,,,,,,,,,,,,
114393,Dog_Detail?DogID=114393,LITTLEHIDDEN GATEKEEPER,Dog_Detail?DogID=114393,,KC (KC),"Jun 20, 2004",,,,,,,,,,,,,,,
112778,Dog_Detail?DogID=112778,LITTLEHIDDEN GRACY DAISY,Dog_Detail?DogID=112778,,KC (KC),"May 17, 2002",,,,,,,,,,,,,,,
114394,Dog_Detail?DogID=114394,LITTLEHIDDEN HAIRSTREAK,Dog_Detail?DogID=114394,,KC (KC),"Jun 20, 2004",,,,,,,,,,,,,,,
93198,Dog_Detail?DogID=93198,LITTLEHIDDEN HAZEL NUT,Dog_Detail?DogID=93198,,KC (KC),"May 15, 2003",,,,,,,,,,,,,,,
194339,Dog_Detail?DogID=194339,LITTLEHIDDEN HEBE,Dog_Detail?DogID=194339,,KC (KC),"Oct 3, 2020",,,,,,,,,,,,,,,
114395,Dog_Detail?DogID=114395,LITTLEHIDDEN HOLLY BLUE,Dog_Detail?DogID=114395,,KC (KC),"Jun 20, 2004",,,,,,,,,,,,,,,
102135,Dog_Detail?DogID=102135,LITTLEHIDDEN INDIAN RED,Dog_Detail?DogID=102135,,KC (KC),"Jul 13, 2013",,,,,,,,,,,,,,,
106991,Dog_Detail?DogID=106991,LITTLEHIDDEN JENNY WREN,Dog_Detail?DogID=106991,,KC (KC),"Aug 15, 2005",,,,,,,,,,,,,,,
133917,Dog_Detail?DogID=133917,LITTLEHIDDEN JEZEBEL,Dog_Detail?DogID=133917,,KC (KC),"Oct 15, 1992",,,,,,,,,,,,,,,
133918,Dog_Detail?DogID=133918,LITTLEHIDDEN JOSHUA,Dog_Detail?DogID=133918,,KC (KC),"Oct 15, 1992",,,,,,,,,,,,,,,
113509,Dog_Detail?DogID=113509,LITTLEHIDDEN JUNIPER,Dog_Detail?DogID=113509,,KC (KC),"May 15, 2003",,,,,,,,,,,,,,,
194340,Dog_Detail?DogID=194340,LITTLEHIDDEN JUNO,Dog_Detail?DogID=194340,,KC (KC),"Oct 3, 2020",,,,,,,,,,,,,,,
114396,Dog_Detail?DogID=114396,LITTLEHIDDEN LARGE SKIPPER,Dog_Detail?DogID=114396,,KC (KC),"Jun 20, 2004",,,,,,,,,,,,,,,
194341,Dog_Detail?DogID=194341,LITTLEHIDDEN LOKI,Dog_Detail?DogID=194341,,KC (KC),"Oct 3, 2020",,,,,,,,,,,,,,,
133916,Dog_Detail?DogID=133916,LITTLEHIDDEN LOTTI,Dog_Detail?DogID=133916,,KC (KC),"Jun 30, 1989",,,,,,,,,,,,,,,
114397,Dog_Detail?DogID=114397,LITTLEHIDDEN MARBLED WHITE,Dog_Detail?DogID=114397,,KC (KC),"Jun 20, 2004",,,,,,,,,,,,,,,
112779,Dog_Detail?DogID=112779,LITTLEHIDDEN MARGUERITE,Dog_Detail?DogID=112779,,KC (KC),"May 17, 2002",,,,,,,,,,,,,,,
102136,Dog_Detail?DogID=102136,LITTLEHIDDEN MARS BLACK,Dog_Detail?DogID=102136,,KC (KC),"Jul 13, 2013",,,,,,,,,,,,,,,
114398,Dog_Detail?DogID=114398,LITTLEHIDDEN MEADOW BROWN,Dog_Detail?DogID=114398,,KC (KC),"Jun 20, 2004",,,,,,,,,,,,,,,
93196,Dog_Detail?DogID=93196,LITTLEHIDDEN MISS MODESTY,Dog_Detail?DogID=93196,,KC (KC),"May 17, 2002",,,,,,,,,,,,,,,
104077,Dog_Detail?DogID=104077,LITTLEHIDDEN MOON DAISY,Dog_Detail?DogID=104077,,KC (KC),"Jul 6, 1996",,,,,,,,,,,,,,,
133919,Dog_Detail?DogID=133919,LITTLEHIDDEN MOSES,Dog_Detail?DogID=133919,,KC (KC),"Oct 15, 1992",,,,,,,,,,,,,,,
94810,Dog_Detail?DogID=94810,LITTLEHIDDEN NIGHTINGALE,Dog_Detail?DogID=94810,,KC (KC),"Mar 23, 2006",,,,,,,,,,,,,,,
145253,Dog_Detail?DogID=145253,LITTLEHIDDEN NUTMEG,Dog_Detail?DogID=145253,,KC (KC),"Jul 13, 2017",,,,,,,,,,,,,,,
18963,Dog_Detail?DogID=18963,LITTLEHIDDEN ODIN,Dog_Detail?DogID=18963,SAMSON,T4167202T03 (KC),"May 25, 1993","Sep 30, 1999",,,,,,,,,,,,,,
112780,Dog_Detail?DogID=112780,LITTLEHIDDEN OPEN EYE,Dog_Detail?DogID=112780,,KC (KC),"May 17, 2002",,,,,,,,,,,,,,,
114399,Dog_Detail?DogID=114399,LITTLEHIDDEN ORANGE TIP,Dog_Detail?DogID=114399,,KC (KC),"Jun 20, 2004",,,,,,,,,,,,,,,
93200,Dog_Detail?DogID=93200,LITTLEHIDDEN PAINTED LADY,Dog_Detail?DogID=93200,,KC (KC),"Jun 20, 2004",,,,,,,,,,,,,,,
145254,Dog_Detail?DogID=145254,LITTLEHIDDEN PEPPERCORN,Dog_Detail?DogID=145254,,KC (KC),"Jul 13, 2017",,,,,,,,,,,,,,,
104078,Dog_Detail?DogID=104078,LITTLEHIDDEN PIMPERNEL,Dog_Detail?DogID=104078,KIRA,KC (KC),"Jul 6, 1996","Aug 25, 2006",,,,,,,,,,,,,,
194342,Dog_Detail?DogID=194342,LITTLEHIDDEN PLUTO,Dog_Detail?DogID=194342,,KC (KC),"Oct 3, 2020",,,,,,,,,,,,,,,
113510,Dog_Detail?DogID=113510,LITTLEHIDDEN PUSSY WILLOW,Dog_Detail?DogID=113510,,KC (KC),"May 15, 2003",,,,,,,,,,,,,,,
103308,Dog_Detail?DogID=103308,LITTLEHIDDEN RAGGED ROBIN,Dog_Detail?DogID=103308,,KC (KC),"Jul 4, 1995",,,,,,,,,,,,,,,
102137,Dog_Detail?DogID=102137,LITTLEHIDDEN RAW UMBER,Dog_Detail?DogID=102137,,KC (KC),"Jul 13, 2013",,,,,,,,,,,,,,,
114400,Dog_Detail?DogID=114400,LITTLEHIDDEN RED ADMIRAL,Dog_Detail?DogID=114400,,KC (KC),"Jun 20, 2004",,,,,,,,,,,,,,,
91924,Dog_Detail?DogID=91924,LITTLEHIDDEN RED CLOVER,Dog_Detail?DogID=91924,,KC (KC),"Aug 28, 1997",,,,,,,,,,,,,,,
101532,Dog_Detail?DogID=101532,LITTLEHIDDEN REDSTART,Dog_Detail?DogID=101532,,KC (KC),"Mar 23, 2006",,,,,,,,,,,,,,,
106992,Dog_Detail?DogID=106992,LITTLEHIDDEN ROBIN,Dog_Detail?DogID=106992,,KC (KC),"Aug 15, 2005",,,,,,,,,,,,,,,
103309,Dog_Detail?DogID=103309,LITTLEHIDDEN ROCK ROSE,Dog_Detail?DogID=103309,,KC (KC),"Jul 4, 1995",,,,,,,,,,,,,,,
102138,Dog_Detail?DogID=102138,LITTLEHIDDEN ROSE MADDER,Dog_Detail?DogID=102138,,KC (KC),"Jul 13, 2013",,,,,,,,,,,,,,,
133920,Dog_Detail?DogID=133920,LITTLEHIDDEN SAMSON,Dog_Detail?DogID=133920,,KC (KC),"Oct 15, 1992",,,,,,,,,,,,,,,
93199,Dog_Detail?DogID=93199,LITTLEHIDDEN SMALL COPPER AT HOLZERN,Dog_Detail?DogID=93199,,KC (KC),"Jun 20, 2004",,,,,,,,,,,,,,,
41203,Dog_Detail?DogID=41203,LITTLEHIDDEN SOLITAIRE,Dog_Detail?DogID=41203,,KC (KC),"Oct 22, 1991",,,,,,,,,,,,,,,
19094,Dog_Detail?DogID=19094,LITTLEHIDDEN SOLOMON,Dog_Detail?DogID=19094,,KC (KC),"Oct 15, 1992",,,,,,,,,,,,,,,
106993,Dog_Detail?DogID=106993,LITTLEHIDDEN SONG THRUSH,Dog_Detail?DogID=106993,,KC (KC),"Aug 15, 2005",,,,,,,,,,,,,,,
102632,Dog_Detail?DogID=102632,LITTLEHIDDEN SONSET,Dog_Detail?DogID=102632,,KC (KC),"Oct 2, 1994",,,,,,,,,,,,,,,
103310,Dog_Detail?DogID=103310,LITTLEHIDDEN SORREL,Dog_Detail?DogID=103310,,KC (KC),"Jul 4, 1995",,,,,,,,,,,,,,,
114401,Dog_Detail?DogID=114401,LITTLEHIDDEN SPECKLED WOOD,Dog_Detail?DogID=114401,,KC (KC),"Jun 20, 2004",,,,,,,,,,,,,,,
113511,Dog_Detail?DogID=113511,LITTLEHIDDEN SPINDLE TREE,Dog_Detail?DogID=113511,,KC (KC),"May 15, 2003",,,,,,,,,,,,,,,
94811,Dog_Detail?DogID=94811,LITTLEHIDDEN STONECHAT,Dog_Detail?DogID=94811,,KC (KC),"Mar 23, 2006",,,,,,,,,,,,,,,
18965,Dog_Detail?DogID=18965,LITTLEHIDDEN SUNRISE,Dog_Detail?DogID=18965,SUNNY,U4574501U04 (KC),"Oct 2, 1994","Jan 3, 2006",,,,,,,,,,,,,,
133921,Dog_Detail?DogID=133921,LITTLEHIDDEN THOR,Dog_Detail?DogID=133921,,KC (KC),"May 25, 1993",,,,,,,,,,,,,,,
94809,Dog_Detail?DogID=94809,LITTLEHIDDEN TURTLEDOVE WITH JAYBIEM,Dog_Detail?DogID=94809,,KC (KC),"Mar 23, 2006",,,,,,,,,,,,,,,
145252,Dog_Detail?DogID=145252,LITTLEHIDDEN TYME SPICEZ AT JAYBIEM,Dog_Detail?DogID=145252,FORMERLY JUNIPER BERRY,KC (KC),"Jul 13, 2017",,,,,,,,,,,,,,,
102139,Dog_Detail?DogID=102139,LITTLEHIDDEN WARM SEPIA,Dog_Detail?DogID=102139,,KC (KC),"Jul 13, 2013",,,,,,,,,,,,,,,
101533,Dog_Detail?DogID=101533,LITTLEHIDDEN WHEATEAR,Dog_Detail?DogID=101533,,KC (KC),"Mar 23, 2006",,,,,,,,,,,,,,,
112781,Dog_Detail?DogID=112781,LITTLEHIDDEN WHITE FRILLS,Dog_Detail?DogID=112781,,KC (KC),"May 17, 2002",,,,,,,,,,,,,,,
113512,Dog_Detail?DogID=113512,LITTLEHIDDEN WHITEBEAM,Dog_Detail?DogID=113512,,KC (KC),"May 15, 2003",,,,,,,,,,,,,,,
103311,Dog_Detail?DogID=103311,LITTLEHIDDEN WILD BASIL,Dog_Detail?DogID=103311,,KC (KC),"Jul 4, 1995",,,,,,,,,,,,,,,
113513,Dog_Detail?DogID=113513,LITTLEHIDDEN WILD CHERRY,Dog_Detail?DogID=113513,,KC (KC),"May 15, 2003",,,,,,,,,,,,,,,
91923,Dog_Detail?DogID=91923,LITTLEHIDDEN WILD THYME,Dog_Detail?DogID=91923,,KC (KC),"Jul 6, 1996",,,,,,,,,,,,,,,
101530,Dog_Detail?DogID=101530,LITTLEHIDDEN WOOD WARBLER,Dog_Detail?DogID=101530,ORIG. BLACKCAP,KC (KC),"Mar 23, 2006",,,,,,,,,,,,,,,
41204,Dog_Detail?DogID=41204,LITTLEHIDDEN ZULEIKA,Dog_Detail?DogID=41204,ZULU,L7375401 M02 (KC),"Sep 24, 1986",,,,,,,,,,,,,,,
132966,Dog_Detail?DogID=132966,MOUNTAIN MAID,Dog_Detail?DogID=132966,,KC (KC),"Apr 26, 1987",,,,,,,,,,,,,,,
132968,Dog_Detail?DogID=132968,ORSON OF THE HILL,Dog_Detail?DogID=132968,,KC (KC),"Sep 24, 1986",,,,,,,,,,,,,,,
132969,Dog_Detail?DogID=132969,TESSA MIRABELLA,Dog_Detail?DogID=132969,,KC (KC),"Sep 24, 1986",,,,,,,,,,,,,,,
,,,,,,,,,,,,,,Unique Dogs in pedigree:,,Complete Generations:,,128,5,,
,,ROYA V HOLZ-CHILCHLI,,,,,,,,,,,,,,,,,,50.0%,1
,,XARO VD SCHWARZWASSERFLUH,,,,,,,,,,,,,,,,,,50.0%,1
,,GREY V WALDACKER,,,,,,,,,,,,,,,,,,31.3%,3
,,GASTON V NESSELACKER,,,,,,,,,,,,,,,,,,25.0%,1
,,HEIKA V HOLZ-CHILCHLI,,,,,,,,,,,,,,,,,,25.0%,1
,,KAI V TONISBACH,,,,,,,,,,,,,,,,,,25.0%,2
,,LASKA VD SCHWARZWASSERFLUH,,,,,,,,,,,,,,,,,,25.0%,1
,,PIUS V NESSELACKER,,,,,,,,,,,,,,,,,,25.0%,1
,,ASSO V HOGERBUUR,,,,,,,,,,,,,,,,,,18.8%,7
,,ASTOR V CHAINDON,,,,,,,,,,,,,,,,,,18.0%,14
,,ARTHOS V WALDACKER,,,,,,,,,,,,,,,,,,15.6%,3
,,NORA V BERNETTA,,,,,,,,,,,,,,,,,,15.6%,3
,,CARLO VD GRANDFEYBRÜCKE,,,,,,,,,,,,,,,,,,13.5%,22
,,BASCO V BIFANG,,,,,,,,,,,,,,,,,,12.5%,2
,,BERNA VD SCHWARZWASSERFLUH,,,,,,,,,,,,,,,,,,12.5%,1
,,CRESTA V SCHMIDIGEN,,,,,,,,,,,,,,,,,,12.5%,1
,,DONNAR V BUCHSISCHLÖSSLI,,,,,,,,,,,,,,,,,,12.5%,2
,,ELLA V NESSELACKER,,,,,,,,,,,,,,,,,,12.5%,1
,,ELLA V TONISBACH,,,,,,,,,,,,,,,,,,12.5%,2
,,ZUSA V NESSELACKER,,,,,,,,,,,,,,,,,,12.5%,1
,,YORK V FLÜHWALD,,,,,,,,,,,,,,,,,,11.6%,35
,,CARLO VD GRANDFEYBRÜCKE,,,,,,,,,,,,,,,,,,13.5%,22
,,BÄRI V BELFAUX,,,,,,,,,,,,,,,,,,6.7%,22
,,ERNA V SCHNEGGENBERG,,,,,,,,,,,,,,,,,,6.7%,22
,,ALEX V BAUERNHEIM,,,,,,,,,,,,,,,,,,6.3%,19
,,KARIN VD OBERSCHEIDEGG,,,,,,,,,,,,,,,,,,5.3%,18
,,DIANA V RÜEGSBACH,,,,,,,,,,,,,,,,,,9.8%,16
,,ASTOR V CHAINDON,,,,,,,,,,,,,,,,,,18.0%,14
,,BÄRI VD TAUBENFLUH,,,,,,,,,,,,,,,,,,6.4%,10
,,EVE VD KLOSTERALP,,,,,,,,,,,,,,,,,,3.2%,10
,,GALAN V MÄTTENHOF,,,,,,,,,,,,,,,,,,4.5%,9
,,ALEX VD OBEREI,,,,,,,,,,,,,,,,,,3.9%,9
,,CITA V BALMHOF,,,,,,,,,,,,,,,,,,2.2%,9
,,DANI V SCHEUNENBERG,,,,,,,,,,,,,,,,,,10.9%,8
,,NADJA V BURGISTEIN,,,,,,,,,,,,,,,,,,6.3%,8
,,BARBARA V SIGRISTACKER,,,,,,,,,,,,,,,,,,5.5%,8
,,KUNO V BLAUMATTHOF,,,,,,,,,,,,,,,,,,5.5%,8
,,DINA V ZIELACKERHOF,,,,,,,,,,,,,,,,,,4.1%,8
,,PITA V DÜRSRÜTTI,,,,,,,,,,,,,,,,,,3.1%,8
,,DINA V HOLZACKER,,,,,,,,,,,,,,,,,,2.7%,8
140549,Dog_Detail?DogID=140549,VANCO OFF EURO DREAM DOG'S,Dog_Detail?DogID=140549,,NHSB: 2997512 (NHSB),"Mar 8, 2015",,,,,,,,,,,,,,,
140546,Dog_Detail?DogID=140546,VESPER OFF EURO DREAM DOG'S,Dog_Detail?DogID=140546,,NHSB: 2997513 (NHSB),"Mar 8, 2015",,,,,,,,,,,,,,,
140582,Dog_Detail?DogID=140582,AISHA OFF EURO DREAM DOG'S,Dog_Detail?DogID=140582,,NHSB: 3017575 (NHSB),"Sep 7, 2015",,,,,,,,,,,,,,,
161806,Dog_Detail?DogID=161806,ALOUBA OFF EURO DREAM DOG'S,Dog_Detail?DogID=161806,,NHSB 2558999 (AKC),"May 10, 2005",,,,,,,,,,,,,,,
140580,Dog_Detail?DogID=140580,AMBER OFF EURO DREAM DOG'S,Dog_Detail?DogID=140580,,NHSB: 3017577 (NHSB),"Sep 7, 2015",,,,,,,,,,,,,,,
140586,Dog_Detail?DogID=140586,AMIGO OFF EURO DREAM DOG'S,Dog_Detail?DogID=140586,,NHSB: 3017571 (NHSB),"Sep 7, 2015",,,,,,,,,,,,,,,
140584,Dog_Detail?DogID=140584,AMOR OFF EURO DREAM DOG'S,Dog_Detail?DogID=140584,,NHSB: 3017572 (NHSB),"Sep 7, 2015",,,,,,,,,,,,,,,
140583,Dog_Detail?DogID=140583,AMY OFF EURO DREAM DOG'S,Dog_Detail?DogID=140583,,NHSB: 3017574 (NHSB),"Sep 7, 2015",,,,,,,,,,,,,,,
140581,Dog_Detail?DogID=140581,ANOUK OFF EURO DREAM DOG'S,Dog_Detail?DogID=140581,,NHSB: 3017576 (NHSB),"Sep 7, 2015",,,,,,,,,,,,,,,
140585,Dog_Detail?DogID=140585,ASJA OFF EURO DREAM DOG'S,Dog_Detail?DogID=140585,,NHSB 3017578 (NHSB),"Sep 7, 2015",,,,,,,,,,,,,,,
161786,Dog_Detail?DogID=161786,BASCO OFF EURO DREAM DOG'S,Dog_Detail?DogID=161786,,NHSB: 3056797 (NHSB),"Sep 10, 2016",,,,,,,,,,,,,,,
36325,Dog_Detail?DogID=36325,BEAR HEIDINGEL,Dog_Detail?DogID=36325,,(AKC),"Jan 29, 2000",,,,,,,,,,,,,,,
161790,Dog_Detail?DogID=161790,BEAR OFF EURO DREAM DOG'S,Dog_Detail?DogID=161790,,NHSB: 3056798 (NHSB),"Sep 10, 2016",,,,,,,,,,,,,,,
161785,Dog_Detail?DogID=161785,BENSON OFF EURO DREAM DOG'S,Dog_Detail?DogID=161785,,NHSB: 3056800 (NHSB),"Sep 10, 2016",,,,,,,,,,,,,,,
161787,Dog_Detail?DogID=161787,BILLY OFF EURO DREAM DOG'S,Dog_Detail?DogID=161787,,NHSB: 3056804 (NHSB),"Sep 10, 2016",,,,,,,,,,,,,,,
161788,Dog_Detail?DogID=161788,BJOETIE OFF EURO DREAM DOG'S,Dog_Detail?DogID=161788,,NHSB: 3056803 (NHSB),"Sep 10, 2016",,,,,,,,,,,,,,,
161784,Dog_Detail?DogID=161784,BONNY OFF EURO DREAM DOG'S,Dog_Detail?DogID=161784,,NHSB: 3056801 (NHSB),"Sep 10, 2016",,,,,,,,,,,,,,,
161783,Dog_Detail?DogID=161783,BOTHAN OFF EURO DREAM DOG'S,Dog_Detail?DogID=161783,,NHSB: 3056799 (NHSB),"Sep 10, 2016",,,,,,,,,,,,,,,
161789,Dog_Detail?DogID=161789,BYZOE OFF EURO DREAM DOG'S,Dog_Detail?DogID=161789,,NHSB: 3056802 (NHSB),"Sep 10, 2016",,,,,,,,,,,,,,,
52739,Dog_Detail?DogID=52739,CASZARINA,Dog_Detail?DogID=52739,,WP90084308 (AKC),"Feb 19, 1999",,,,,,,,,,,,,,,
161780,Dog_Detail?DogID=161780,CAYA-CHANTAL OFF EURO DREAM DOG'S,Dog_Detail?DogID=161780,,NHSB: 3061759 (NHSB),"Oct 24, 2016",,,,,,,,,,,,,,,
161781,Dog_Detail?DogID=161781,CLYDE-CHANTAL OFF EURO DREAM DOG'S,Dog_Detail?DogID=161781,,NHSB: 3061757 (NHSB),"Oct 24, 2016",,,,,,,,,,,,,,,
161782,Dog_Detail?DogID=161782,COOPER-CHAN OFF EURO DREAM DOG'S,Dog_Detail?DogID=161782,,NHSB: 3061758 (NHSB),"Oct 24, 2016",,,,,,,,,,,,,,,
161779,Dog_Detail?DogID=161779,DARKO OFF EURO DREAM DOG'S,Dog_Detail?DogID=161779,,NHSB: 3096108 (NHSB),"Sep 6, 2017",,,,,,,,,,,,,,,
161778,Dog_Detail?DogID=161778,DOENJA OFF EURO DREAM DOG'S,Dog_Detail?DogID=161778,,NHSB: 3096109 (NHSB),"Sep 6, 2017",,,,,,,,,,,,,,,
162298,Dog_Detail?DogID=162298,EIKO TWISTER OFF EURO DREAM DOG'S,Dog_Detail?DogID=162298,,NHSB: 2605287 (NHSB),"Apr 14, 2006",,,,,,,,,,,,,,,
162300,Dog_Detail?DogID=162300,ELISABETH OFF EURO DREAM DOG'S,Dog_Detail?DogID=162300,,NHSB: 2605288 (NHSB),"Apr 14, 2006",,,,,,,,,,,,,,,
191732,Dog_Detail?DogID=191732,ELLIE MARIE,Dog_Detail?DogID=191732,ELLIE MARIE,,"Dec 9, 2014","Feb 5, 2021",,,,,,,,,,,,,,
161773,Dog_Detail?DogID=161773,ELMO-TAILA OFF EURO DREAM DOG'S,Dog_Detail?DogID=161773,,NHSB: 3096112 (NHSB),"Sep 11, 2017",,,,,,,,,,,,,,,
161776,Dog_Detail?DogID=161776,ELSA-TAILA OFF EURO DREAM DOG'S,Dog_Detail?DogID=161776,,NHSB: 3096115 (NHSB),"Sep 11, 2017",,,,,,,,,,,,,,,
161775,Dog_Detail?DogID=161775,ELVIS-TAILA OFF EURO DREAM DOG'S,Dog_Detail?DogID=161775,,NHSB: 3096111 (NHSB),"Sep 11, 2017",,,,,,,,,,,,,,,
162299,Dog_Detail?DogID=162299,ELZA TWISTER OFF EURO DREAM DOG'S,Dog_Detail?DogID=162299,,NHSB: 2605289 (NHSB),"Apr 14, 2006",,,,,,,,,,,,,,,
161772,Dog_Detail?DogID=161772,EMMA-TAILA OFF EURO DREAM DOG'S,Dog_Detail?DogID=161772,,NHSB: 3096114 (NHSB),"Sep 11, 2017",,,,,,,,,,,,,,,
151354,Dog_Detail?DogID=151354,EUR AM'S WE'RE JUST WILD ABOUT HARRY,Dog_Detail?DogID=151354,HARRY,WS55494801 (AKC),"Oct 28, 2016",,,,,,,,,,,,,,,
12397,Dog_Detail?DogID=12397,EUR-AM BITIOUS,Dog_Detail?DogID=12397,CHASE,WP61552608 (AKC),"Feb 13, 1995","Nov 3, 2003",,,,,,,,,,,,,,
46675,Dog_Detail?DogID=46675,EUR-AMIS ELKES A BAD LITTLE,Dog_Detail?DogID=46675,,WR07166606 (AKC),"Apr 7, 2002",,,,,,,,,,,,,,,
46676,Dog_Detail?DogID=46676,EUR-AMIS MOLLY,Dog_Detail?DogID=46676,MOLLY,WR07166607 (AKC),"Apr 7, 2002","Jun 21, 2010",,,,,,,,,,,,,,
58583,Dog_Detail?DogID=58583,EUR-AMIS SADIE,Dog_Detail?DogID=58583,,WP85380809 (AKC),"Apr 25, 1998",,,,,,,,,,,,,,,
12398,Dog_Detail?DogID=12398,EUR-AM'S AANZEE,Dog_Detail?DogID=12398,,WP57257401 (AKC),"Jul 17, 1994",,,,,,,,,,,,,,,
12402,Dog_Detail?DogID=12402,EUR-AM'S AARA,Dog_Detail?DogID=12402,,WP57257405 (AKC),"Jul 17, 1994",,,,,,,,,,,,,,,
12401,Dog_Detail?DogID=12401,EUR-AM'S ABBY,Dog_Detail?DogID=12401,,WP57257404 (AKC),"Jul 17, 1994",,,,,,,,,,,,,,,
12404,Dog_Detail?DogID=12404,EUR-AM'S ABE,Dog_Detail?DogID=12404,,WP57257407 (AKC),"Jul 17, 1994",,,,,,,,,,,,,,,
31996,Dog_Detail?DogID=31996,EUR-AM'S AKAMAI KIANI NUI,Dog_Detail?DogID=31996,KIKI,WS16923002 (AKC),"Mar 28, 2006",,,,,,,,,,,,,,,
12403,Dog_Detail?DogID=12403,EUR-AM'S ALISHA,Dog_Detail?DogID=12403,,WP57257406 (AKC),"Jul 17, 1994",,,,,,,,,,,,,,,
154046,Dog_Detail?DogID=154046,EURAM'S ALPINE BAERLI,Dog_Detail?DogID=154046,,WS51624003 (AKC),"Dec 9, 2014",,,,,,,,,,,,,,,
36501,Dog_Detail?DogID=36501,EUR-AM'S AMAZING GRACE,Dog_Detail?DogID=36501,,WP97235402 (AKC),"Feb 5, 2000",,,,,,,,,,,,,,,
150256,Dog_Detail?DogID=150256,EUR-AM'S AMAZING JOEY,Dog_Detail?DogID=150256,,WS52234204 (AKC),"Dec 16, 2015",,,,,,,,,,,,,,,
12400,Dog_Detail?DogID=12400,EUR-AM'S ANGUS,Dog_Detail?DogID=12400,,WP57257403 (AKC),"Jul 17, 1994",,,,,,,,,,,,,,,
12399,Dog_Detail?DogID=12399,EUR-AM'S AOPEE,Dog_Detail?DogID=12399,,WP57257402 (AKC),"Jul 17, 1994",,,,,,,,,,,,,,,
36521,Dog_Detail?DogID=36521,EUR-AM'S ASPEN ALPENGLOW,Dog_Detail?DogID=36521,ASPEN,WP97235403 (AKC),"Feb 5, 2000","Apr 7, 2006",,,,,,,,,,,,,,
36957,Dog_Detail?DogID=36957,EUR-AM'S BABE,Dog_Detail?DogID=36957,,WP87200901 (AKC),"Aug 15, 1998",,,,,,,,,,,,,,,
97708,Dog_Detail?DogID=97708,EURAM'S BABY BEAR KOSMO,Dog_Detail?DogID=97708,,WS36697506 (AKC),"Jan 18, 2011",,,,,,,,,,,,,,,
35429,Dog_Detail?DogID=35429,EUR-AM'S BABY GRAND,Dog_Detail?DogID=35429,,WP95938001 (AKC),"Jun 28, 1999",,V240530 (AKC),,,,,,,,,,,,,
97709,Dog_Detail?DogID=97709,EURAM'S BACI,Dog_Detail?DogID=97709,,WS36697502 (AKC),"Jan 18, 2011",,,,,,,,,,,,,,,
14456,Dog_Detail?DogID=14456,EUR-AM'S BAGHERA,Dog_Detail?DogID=14456,,WP61552601 (AKC),"Feb 13, 1995",,,,,,,,,,,,,,,
48004,Dog_Detail?DogID=48004,EUR-AM'S BANATER DOLLY HANNI,Dog_Detail?DogID=48004,HANNI,WS23741902 (AKC),"Dec 24, 2006","Feb 20, 2016",,,,,,,,,,,,,,
34555,Dog_Detail?DogID=34555,EUR-AM'S BANNER DAY,Dog_Detail?DogID=34555,,WP87200908 (AKC),"Aug 15, 1998",,,,,,,,,,,,,,,
36544,Dog_Detail?DogID=36544,EUR-AM'S BARON BASEL,Dog_Detail?DogID=36544,,WP90084306 (AKC),"Feb 19, 1999",,,,,,,,,,,,,,,
34031,Dog_Detail?DogID=34031,EUR-AM'S BEARS REPEATING,Dog_Detail?DogID=34031,,WP85380801 (AKC),"Apr 25, 1998",,,,,,,,,,,,,,,
36523,Dog_Detail?DogID=36523,EUR-AM'S BEARY GOOD TEDDY TO,Dog_Detail?DogID=36523,,WP96927005 (AKC),"Jan 30, 2000",,,,,,,,,,,,,,,
15691,Dog_Detail?DogID=15691,EUR-AM'S BEAUJANGLES,Dog_Detail?DogID=15691,,WP61552605 (AKC),"Feb 13, 1995",,,,,,,,,,,,,,,
58588,Dog_Detail?DogID=58588,EUR-AM'S BELLA DAHL,Dog_Detail?DogID=58588,,WS16923004 (AKC),"Mar 28, 2006",,,,,,,,,,,,,,,
58589,Dog_Detail?DogID=58589,EUR-AM'S BELLA II,Dog_Detail?DogID=58589,,WS16923005 (AKC),"Mar 28, 2006",,,,,,,,,,,,,,,
24571,Dog_Detail?DogID=24571,EUR-AM'S BLUE BOY,Dog_Detail?DogID=24571,BLUE,WP96926504 (AKC),"Jan 29, 2000","Jul 30, 2004",,,,,,,,,,,,,,
151352,Dog_Detail?DogID=151352,EUR-AM'S BOOMER,Dog_Detail?DogID=151352,,WS55494805 (AKC),"Oct 28, 2016",,,,,,,,,,,,,,,
59959,Dog_Detail?DogID=59959,EUR-AM'S BOOMER SUPERSTAR,Dog_Detail?DogID=59959,,WS23741904 (AKC),"Dec 24, 2006",,,,,,,,,,,,,,,
70673,Dog_Detail?DogID=70673,EUR-AM'S BOUNCING BENTU,Dog_Detail?DogID=70673,,WS04779004 (AKC),"Nov 7, 2002",,,,,,,,,,,,,,,
46553,Dog_Detail?DogID=46553,EUR-AM'S BRAMMBLE,Dog_Detail?DogID=46553,BRAMMBLE,WR00044805 (AKC),"Jul 8, 2000","Apr 20, 2007",,,,,,,,,,,,,,
88884,Dog_Detail?DogID=88884,EUR-AM'S BROADWAY STAR,Dog_Detail?DogID=88884,ANNIE,WS36697501 (AKC),"Jan 18, 2011","Mar 6, 2018",V646305 (AKC),,,,,,,,,,,,,
130735,Dog_Detail?DogID=130735,EUR-AM'S BRUNO II,Dog_Detail?DogID=130735,BRUNO,WS43773802 (AKC),"Mar 16, 2013","Jan 28, 2019",,,,,,,,,,,,,,
15021,Dog_Detail?DogID=15021,EUR-AM'S BRYNA,Dog_Detail?DogID=15021,,WP61552604 (AKC),"Feb 13, 1995",,,,,,,,,,,,,,,
34537,Dog_Detail?DogID=34537,EUR-AM'S CABERNET,Dog_Detail?DogID=34537,,WP82822104 (AKC),"Dec 24, 1997",,,,,,,,,,,,,,,
130736,Dog_Detail?DogID=130736,EUR-AM'S CAILIN,Dog_Detail?DogID=130736,,WS43773801 (AKC),"Mar 16, 2013",,,,,,,,,,,,,,,
77726,Dog_Detail?DogID=77726,EUR-AM'S CARSON BURK MYERS,Dog_Detail?DogID=77726,CARSON,WS28675902 (AKC),"Nov 14, 2008",,,,,,,,,,,,,,,
73225,Dog_Detail?DogID=73225,EUR-AM'S CASCADE OLYMPIC,Dog_Detail?DogID=73225,,WR01869105 (AKC),"Dec 22, 2000",,V289029 (AKC),,,,,,,,,,,,,
58580,Dog_Detail?DogID=58580,EUR-AM'S CLEO,Dog_Detail?DogID=58580,,WP85380803 (AKC),"Apr 25, 1998",,,,,,,,,,,,,,,
14459,Dog_Detail?DogID=14459,EUR-AM'S CLOE,Dog_Detail?DogID=14459,,WP62321102 (AKC),"Apr 20, 1995",,,,,,,,,,,,,,,
70674,Dog_Detail?DogID=70674,EUR-AM'S CONTESSA BELLA DI HELENA,Dog_Detail?DogID=70674,,WS04779005 (AKC),"Nov 7, 2002",,,,,,,,,,,,,,,
77821,Dog_Detail?DogID=77821,EUR-AM'S COURT JESTER JASPER,Dog_Detail?DogID=77821,JASPER,WP92391604 (AKC),"May 12, 1999","Aug 1, 2003",,,,,,,,,,,,,,
80328,Dog_Detail?DogID=80328,EUR-AM'S CUPID,Dog_Detail?DogID=80328,POKIE,WR04405105 (AKC),"Sep 11, 2001",,,,,,,,,,,,,,,
52159,Dog_Detail?DogID=52159,EUR-AM'S CURIE MARIE,Dog_Detail?DogID=52159,CURIE,WP81975206 (AKC),"Sep 21, 1997","May 10, 2007",,,,,,,,,,,,,,
36958,Dog_Detail?DogID=36958,EUR-AM'S CZAR,Dog_Detail?DogID=36958,,WP96927002 (AKC),"Jan 30, 2000",,V367460 (AKC),,,,,,,,,,,,,
46597,Dog_Detail?DogID=46597,EUR-AM'S CZAREWICH,Dog_Detail?DogID=46597,,WP96927003 (AKC),"Jan 30, 2000",,,,,,,,,,,,,,,
36455,Dog_Detail?DogID=36455,EUR-AM'S CZARINA HEIDI BEAR,Dog_Detail?DogID=36455,HEIDI,WP90084304 (AKC),"Feb 19, 1999","Aug 25, 2008",,,,,,,,,,,,,,
58587,Dog_Detail?DogID=58587,EUR-AM'S DAISY II,Dog_Detail?DogID=58587,,WS16923003 (AKC),"Mar 28, 2006",,,,,,,,,,,,,,,
46674,Dog_Detail?DogID=46674,EUR-AM'S DIESEL VON PETROL,Dog_Detail?DogID=46674,,WR07166604 (AKC),"Apr 7, 2002",,,,,,,,,,,,,,,
150255,Dog_Detail?DogID=150255,EUR-AM'S DINGUS MCGEE AB,Dog_Detail?DogID=150255,,WS52234202 (AKC),"Dec 16, 2015",,,,,,,,,,,,,,,
39043,Dog_Detail?DogID=39043,EUR-AM'S DOLLY GIRL,Dog_Detail?DogID=39043,,WR00044801 (AKC),"Jul 8, 2000","Aug 1, 2012",,,,,,,,,,,,,,
14457,Dog_Detail?DogID=14457,EUR-AM'S DOOGIE HAUSER,Dog_Detail?DogID=14457,,WP63076101 (AKC),"May 30, 1995",,,,,,,,,,,,,,,
16044,Dog_Detail?DogID=16044,EUR-AM'S E,Dog_Detail?DogID=16044,,WP66786904 (AKC),"Sep 29, 1995",,,,,,,,,,,,,,,
15201,Dog_Detail?DogID=15201,EUR-AM'S EINSTEIN BAER,Dog_Detail?DogID=15201,EINSTEIN,WP91943403 (AKC),"May 9, 1999","Nov 14, 2007",V256737 (AKC),,,,,,,,,,,,,
16573,Dog_Detail?DogID=16573,EUR-AM'S ELENA,Dog_Detail?DogID=16573,,WP66786906 (AKC),"Sep 29, 1995",,,,,,,,,,,,,,,
29405,Dog_Detail?DogID=29405,EUR-AM'S ELVIS DI HELENA,Dog_Detail?DogID=29405,,WS13125603 (AKC),"Apr 22, 2004",,,,,,,,,,,,,,,
82453,Dog_Detail?DogID=82453,EURAM'S EMMA BLUE MYERS,Dog_Detail?DogID=82453,,WS36697505 (AKC),"Jan 18, 2011",,,,,,,,,,,,,,,
70676,Dog_Detail?DogID=70676,EUR-AM'S EMMY-LOU,Dog_Detail?DogID=70676,,WS15232601 (AKC),"Oct 30, 2004",Yes-no date,,,,,,,,,,,,,,
14458,Dog_Detail?DogID=14458,EUR-AM'S ENOUGH ALREADY,Dog_Detail?DogID=14458,READY,WP66786902 (AKC),"Sep 29, 1995","Jan 12, 2004",V96327 (AKC),,,,,,,,,,,,,
15630,Dog_Detail?DogID=15630,EUR-AM'S ES GABRIELLE,Dog_Detail?DogID=15630,GABBY,WP66786907 (AKC),"Sep 29, 1995",,,,,,,,,,,,,,,
16045,Dog_Detail?DogID=16045,EUR-AM'S ES' SAMPSON,Dog_Detail?DogID=16045,,WP66786908 (AKC),"Sep 29, 1995",,,,,,,,,,,,,,,
29321,Dog_Detail?DogID=29321,EUR-AM'S FANCY FREE,Dog_Detail?DogID=29321,FANCY,WS15461802 (AKC),"Jun 10, 2005",,,,,,,,,,,,,,,
46672,Dog_Detail?DogID=46672,EUR-AM'S FERGUS,Dog_Detail?DogID=46672,FERGUS,WS17317202 (AKC),"Jan 31, 2006","Jan 11, 2012",,,,,,,,,,,,,,
20153,Dog_Detail?DogID=20153,GD BERNI VON EPPENHAIN,Dog_Detail?DogID=20153,,WR02635204 (AKC),"Apr 9, 2001",,,,,,,,,,,,,,,
43129,Dog_Detail?DogID=43129,GLORY DAYS AT WRIGLEY FIELD,Dog_Detail?DogID=43129,WRIGLEY,WS13031306 (AKC),"Jan 30, 2005",,,,,,,,,,,,,,,
19489,Dog_Detail?DogID=19489,GLORY DAYS BASEL VON MEISTER,Dog_Detail?DogID=19489,BASEL,WR02635206 (AKC),"Apr 9, 2001","Feb 26, 2012",,,,,,,,,,,,,,
18661,Dog_Detail?DogID=18661,GLORY DAYS BELLA MIA ABBY,Dog_Detail?DogID=18661,,WS04353508 (AKC),"Jun 5, 2003",,,,,,,,,,,,,,,
18662,Dog_Detail?DogID=18662,GLORY DAYS BRIDGET,Dog_Detail?DogID=18662,,WS04353509 (AKC),"Jun 5, 2003",,,,,,,,,,,,,,,
20152,Dog_Detail?DogID=20152,GLORY DAYS CHLOE VON PINA,Dog_Detail?DogID=20152,,WR07399202 (AKC),"Oct 14, 2002",,,,,,,,,,,,,,,
20151,Dog_Detail?DogID=20151,GLORY DAYS CLEVELAND VD PINA,Dog_Detail?DogID=20151,,WR07399201 (AKC),"Oct 14, 2002",,,,,,,,,,,,,,,
43130,Dog_Detail?DogID=43130,GLORY DAYS CRUSH ON YOU,Dog_Detail?DogID=43130,,WS13031307 (AKC),"Jan 30, 2005",,,,,,,,,,,,,,,
18729,Dog_Detail?DogID=18729,GLORY DAYS DAIKA VON TINKA,Dog_Detail?DogID=18729,DAIKA,WR07399303 (AKC),"Oct 25, 2002",,V344932 (AKC),,,,,,,,,,,,,
43124,Dog_Detail?DogID=43124,GLORY DAYS DAKOTA'S DESTINY,Dog_Detail?DogID=43124,,WS13031301 (AKC),"Jan 30, 2005",,,,,,,,,,,,,,,
59262,Dog_Detail?DogID=59262,GLORY DAYS DANTE'S DREAM,Dog_Detail?DogID=59262,,WS25223703 (AKC),"Feb 16, 2008",,,,,,,,,,,,,,,
18731,Dog_Detail?DogID=18731,GLORY DAYS DESMOND VON TINKA,Dog_Detail?DogID=18731,,WR07399302 (AKC),"Oct 25, 2002",,,,,,,,,,,,,,,
18730,Dog_Detail?DogID=18730,GLORY DAYS DUSTEN VON TINKA,Dog_Detail?DogID=18730,,WR07399301 (AKC),"Oct 25, 2002",,,,,,,,,,,,,,,
43125,Dog_Detail?DogID=43125,GLORY DAYS HEART OF STONE,Dog_Detail?DogID=43125,,WS13031302 (AKC),"Jan 30, 2005",,,,,,,,,,,,,,,
18660,Dog_Detail?DogID=18660,GLORY DAYS HEIDI VON ABBY,Dog_Detail?DogID=18660,,WS04353506 (AKC),"Jun 5, 2003",,,,,,,,,,,,,,,
43127,Dog_Detail?DogID=43127,GLORY DAYS JAKES BIG EASY,Dog_Detail?DogID=43127,,WS13031304 (AKC),"Jan 30, 2005",,,,,,,,,,,,,,,
18654,Dog_Detail?DogID=18654,GLORY DAYS KONA LILIKOI,Dog_Detail?DogID=18654,,WS04353507 (AKC),"Jun 5, 2003",,,,,,,,,,,,,,,
18655,Dog_Detail?DogID=18655,GLORY DAYS LILY VON ABBY,Dog_Detail?DogID=18655,,WS04353501 (AKC),"Jun 5, 2003",,,,,,,,,,,,,,,
59260,Dog_Detail?DogID=59260,GLORY DAYS LUCY CAROL LAKE,Dog_Detail?DogID=59260,,WS25223701 (AKC),"Feb 16, 2008",,,,,,,,,,,,,,,
43128,Dog_Detail?DogID=43128,GLORY DAYS MS. CONGENIALITY,Dog_Detail?DogID=43128,,WS13031305 (AKC),"Jan 30, 2005",,,,,,,,,,,,,,,
45923,Dog_Detail?DogID=45923,GLORY DAYS OTIS VON ABBY,Dog_Detail?DogID=45923,,WS04353502 (AKC),"Jun 5, 2003",,,,,,,,,,,,,,,
43126,Dog_Detail?DogID=43126,GLORY DAYS ROSALITA,Dog_Detail?DogID=43126,,WS13031303 (AKC),"Jan 30, 2005",,,,,,,,,,,,,,,
18659,Dog_Detail?DogID=18659,GLORY DAYS SASHA VON ABBY,Dog_Detail?DogID=18659,,WS04353505 (AKC),"Jun 5, 2003",,,,,,,,,,,,,,,
18657,Dog_Detail?DogID=18657,GLORY DAYS TRUMAN VON ABBY,Dog_Detail?DogID=18657,,WS04353503 (AKC),"Jun 5, 2003",,V290944 (AKC),,,,,,,,,,,,,
18658,Dog_Detail?DogID=18658,GLORY DAYS TURBO DIESEL,Dog_Detail?DogID=18658,,WS04353504 (AKC),"Jun 5, 2003",,V280614 (AKC),,,,,,,,,,,,,
20154,Dog_Detail?DogID=20154,GLORYDAYS BAILEY VON MEISTER,Dog_Detail?DogID=20154,,WR02635201 (AKC),"Apr 9, 2001",,,,,,,,,,,,,,,
20156,Dog_Detail?DogID=20156,GLORYDAYS BARRET VON MEISTER,Dog_Detail?DogID=20156,,WR02635203 (AKC),"Apr 9, 2001",,,,,,,,,,,,,,,
59263,Dog_Detail?DogID=59263,GLORYDAYS BLACK BEATRICE,Dog_Detail?DogID=59263,,WS25223704 (AKC),"Feb 16, 2008",,,,,,,,,,,,,,,
20157,Dog_Detail?DogID=20157,GLORYDAYS BOGART VON MEISTER,Dog_Detail?DogID=20157,,WR02635205 (AKC),"Apr 9, 2001",,,,,,,,,,,,,,,
59261,Dog_Detail?DogID=59261,GLORYDAYS BORDEAUX N BRIE OF MOUNTAIN VIEW FARMS,Dog_Detail?DogID=59261,BRIE,WS25223702 (AKC),"Feb 16, 2008","Jul 26, 2017",V659720 (AKC),,,,,,,,,,,,,
20155,Dog_Detail?DogID=20155,GLORYDAYS BOSCOE VON MEISTER,Dog_Detail?DogID=20155,BOSCO,WR02635202 (AKC),"Apr 9, 2001","Aug 1, 2009",,,,,,,,,,,,,,
59265,Dog_Detail?DogID=59265,GLORYDAYS DEJA VU DAYDREAMER,Dog_Detail?DogID=59265,DEJAVU,WS25223706 (AKC),"Feb 16, 2008",,V659024 (AKC),,,,,,,,,,,,,
59264,Dog_Detail?DogID=59264,GLORYDAYS SAMPSON VON THUNDER,Dog_Detail?DogID=59264,,WS25223705 (AKC),"Feb 16, 2008",,,,,,,,,,,,,,,
108582,Dog_Detail?DogID=108582,MOUNTAIN VIEW FARMS GLORYDAYS LIVING THE LEGEND,Dog_Detail?DogID=108582,COACH,WS40580002 (AKC),"Dec 12, 2011",,V725171 (AKC),,,,,,,,,,,,,
108584,Dog_Detail?DogID=108584,MOUNTAIN VIEW FARMS GLORYDAYS LUNA SATURNI,Dog_Detail?DogID=108584,,WS40580005 (AKC),"Dec 12, 2011",,,,,,,,,,,,,,,
108583,Dog_Detail?DogID=108583,MOUNTAIN VIEW FARMS GLORYDAYS MOCHA,Dog_Detail?DogID=108583,,WS40580004 (AKC),"Dec 12, 2011",,,,,,,,,,,,,,,
108581,Dog_Detail?DogID=108581,MOUNTAIN VIEW FARMS GLORYDAYS MY LITTLE PONY,Dog_Detail?DogID=108581,,WS40580001 (AKC),"Dec 12, 2011",,,,,,,,,,,,,,,
105910,Dog_Detail?DogID=105910,MOUNTAIN VIEW FARMS GLORYDAYS PIPE DOWN LIL' MISS,Dog_Detail?DogID=105910,PIPER,WS40580003 (AKC),"Dec 12, 2011","Jul 22, 2019",V782858 (AKC),,,,,,,,,,,,,
101877,Dog_Detail?DogID=101877,MOUNTAIN VIEW FARMS GLORYDAYS SHELDONS BOLD THEORY,Dog_Detail?DogID=101877,SHELDON,WS40580006 (AKC),"Dec 12, 2011",Yes-no date,,,,,,,,,,,,,,
18656,Dog_Detail?DogID=18656,TENNESCOTT GLORY DAYS LTD.ED.,Dog_Detail?DogID=18656,,WR02670201 (AKC),"Mar 30, 2001",,V599528 (AKC),,,,,,,,,,,,,
15657,Dog_Detail?DogID=15657,ABENDLIED'S BLAKE OF SKYLANDS,Dog_Detail?DogID=15657,,WP66449601 (AKC),"Aug 21, 1995",,,,,,,,,,,,,,,
10334,Dog_Detail?DogID=10334,ABENDLIED'S WESTMINSTER ABBE,Dog_Detail?DogID=10334,,WP43377302 (AKC),"Jul 25, 1992",,,,,,,,,,,,,,,
11348,Dog_Detail?DogID=11348,ALPEN'S BARRY V ABENDLIED,Dog_Detail?DogID=11348,,WP43377304 (AKC),"Jul 25, 1992",,,,,,,,,,,,,,,
97734,Dog_Detail?DogID=97734,AARE BEAR,Dog_Detail?DogID=97734,AARE,WS36367703 (AKC),"Dec 27, 2010","Jan 21, 2021",,,,,,,,,,,,,,
72501,Dog_Detail?DogID=72501,ADO JOHNSON,Dog_Detail?DogID=72501,ADO,WR07025604 (AKC),"Jun 13, 2002",,,,,,,,,,,,,,,
42722,Dog_Detail?DogID=42722,BALOO III,Dog_Detail?DogID=42722,BALOO,WS14690803 (AKC),"Sep 6, 2005",,,,,,,,,,,,,,,
72505,Dog_Detail?DogID=72505,BARNEY,Dog_Detail?DogID=72505,BARNEY,,"May 2, 2009",,,,,,,,,,,,,,,
97612,Dog_Detail?DogID=97612,BEAU MORPHEUS OF SIX ACRES,Dog_Detail?DogID=97612,,WS34405601 (AKC),"Jun 3, 2010",,,,,,,,,,,,,,,
72515,Dog_Detail?DogID=72515,BELLE,Dog_Detail?DogID=72515,BELLE,,"Sep 6, 2005",,,,,,,,,,,,,,,
72519,Dog_Detail?DogID=72519,BERKELEY OF SIX ACRES,Dog_Detail?DogID=72519,BERKELEY,WS26156204 (AKC),"May 5, 2008",,,,,,,,,,,,,,,
72498,Dog_Detail?DogID=72498,BIG BOY BLUE OF SIX ACRES,Dog_Detail?DogID=72498,BLUE,WS18497602 (AKC),"Jul 13, 2006",,,,,,,,,,,,,,,
66075,Dog_Detail?DogID=66075,BODHISATTVA OF SIX ACRES,Dog_Detail?DogID=66075,BOHDI,WS23914702 (AKC),"Oct 12, 2007",,,,,,,,,,,,,,,
72511,Dog_Detail?DogID=72511,BRIDGET,Dog_Detail?DogID=72511,BRIDGET,,"Oct 12, 2007",,,,,,,,,,,,,,,
72521,Dog_Detail?DogID=72521,BUDDY OF SIX ACRES,Dog_Detail?DogID=72521,BUDDY,WS26156206 (AKC),"May 5, 2008",,,,,,,,,,,,,,,
72512,Dog_Detail?DogID=72512,CODY,Dog_Detail?DogID=72512,CODY,,"Oct 12, 2007",,,,,,,,,,,,,,,
72516,Dog_Detail?DogID=72516,DUGGAN,Dog_Detail?DogID=72516,DUGGAN,,"May 5, 2008",,,,,,,,,,,,,,,
97735,Dog_Detail?DogID=97735,EMMETAL,Dog_Detail?DogID=97735,EMME,WS36367702 (AKC),"Dec 27, 2010","Feb 10, 2023",,,,,,,,,,,,,,
28214,Dog_Detail?DogID=28214,GRETA NEAL OF SIX ACRES,Dog_Detail?DogID=28214,GRETTA,WS06842004 (AKC),"Nov 22, 2003",,,,,,,,,,,,,,,
72517,Dog_Detail?DogID=72517,HARLEY WILSHIRE OF SIX ACRES,Dog_Detail?DogID=72517,HARLEY,WS26156202 (AKC),"May 5, 2008",,,,,,,,,,,,,,,
42721,Dog_Detail?DogID=42721,"HAULIN' HARLEY ""D"" OF SIX ACRES",Dog_Detail?DogID=42721,HARLEY,WS14690802 (AKC),"Sep 6, 2005",,,,,,,,,,,,,,,
72502,Dog_Detail?DogID=72502,HOOPSTER,Dog_Detail?DogID=72502,HOOPSTER,,"Jun 13, 2002",,,,,,,,,,,,,,,
72492,Dog_Detail?DogID=72492,JULIE,Dog_Detail?DogID=72492,JULIE,,"Jul 13, 2006",,,,,,,,,,,,,,,
72520,Dog_Detail?DogID=72520,KASEY OF SIX ACRES,Dog_Detail?DogID=72520,KASEY,WS26156205 (AKC),"May 5, 2008",,,,,,,,,,,,,,,
72496,Dog_Detail?DogID=72496,KATIE'S DOG NIKKI OF SIX ACRES,Dog_Detail?DogID=72496,NIKKI,WS18497607 (AKC),"Jul 13, 2006",,,,,,,,,,,,,,,
28212,Dog_Detail?DogID=28212,MAGGIE RODRIGUEZ OF SIX ACRES,Dog_Detail?DogID=28212,MAGGIE,WS06842002 (AKC),"Nov 22, 2003",,,,,,,,,,,,,,,
136009,Dog_Detail?DogID=136009,MAVERICK'S TOP GUN OF SIX ACRES,Dog_Detail?DogID=136009,MAVERICK,WS34405607 (AKC),"Jun 3, 2010",,,,,,,,,,,,,,,
28215,Dog_Detail?DogID=28215,MELODY'S GRACIE OF SIX ACRES,Dog_Detail?DogID=28215,GRACIE,WS06842005 (AKC),"Nov 22, 2003",,,,,,,,,,,,,,,
72497,Dog_Detail?DogID=72497,MISS GRACIE OF SIX ACRES,Dog_Detail?DogID=72497,,WS18497601 (AKC),"Jul 13, 2006",,,,,,,,,,,,,,,
42720,Dog_Detail?DogID=42720,MYSTERIOUS MARNIE MAIRE OF SIX ACRES,Dog_Detail?DogID=42720,MARNIE,WS14690809 (AKC),"Sep 6, 2005",,,,,,,,,,,,,,,
72523,Dog_Detail?DogID=72523,ONSLOW,Dog_Detail?DogID=72523,ONSLOW,,"Nov 22, 2003",,,,,,,,,,,,,,,
28213,Dog_Detail?DogID=28213,ONSLOW'S AMERICAN IDOL,Dog_Detail?DogID=28213,SHERMAN,WS06842003 (AKC),"Nov 22, 2003",,,,,,,,,,,,,,,
20933,Dog_Detail?DogID=20933,PRINCESS DAISY OF SIX ACRES,Dog_Detail?DogID=20933,PRINCESS,WR07025603 (AKC),"Jun 13, 2002",,,,,,,,,,,,,,,
72522,Dog_Detail?DogID=72522,PUCK,Dog_Detail?DogID=72522,PUCK,,"Nov 22, 2003","Nov 13, 2010",,,,,,,,,,,,,,
66077,Dog_Detail?DogID=66077,QUEEN ANNE'S LACE OF SIX ACRES,Dog_Detail?DogID=66077,LACEY,WS23914708 (AKC),"Oct 12, 2007",,,,,,,,,,,,,,,
72500,Dog_Detail?DogID=72500,REECIE,Dog_Detail?DogID=72500,REECIE,,"Jun 13, 2002",,,,,,,,,,,,,,,
72495,Dog_Detail?DogID=72495,ROCCO VON BEHREN OF SIX ACRES,Dog_Detail?DogID=72495,ROCKY,WS18497606 (AKC),"Jul 13, 2006",,,,,,,,,,,,,,,
72513,Dog_Detail?DogID=72513,ROCKY,Dog_Detail?DogID=72513,ROCKY,,"Sep 6, 2005",,,,,,,,,,,,,,,
42724,Dog_Detail?DogID=42724,ROCKY MOUNTAIN JK OF SIX ACRES,Dog_Detail?DogID=42724,ROCKY,WS14690807 (AKC),"Sep 6, 2005",,,,,,,,,,,,,,,
72518,Dog_Detail?DogID=72518,ROSIE,Dog_Detail?DogID=72518,ROSIE,,"May 5, 2008",,,,,,,,,,,,,,,
72524,Dog_Detail?DogID=72524,RUCKUS JOHNSON,Dog_Detail?DogID=72524,RUCKUS,WR06010602 (AKC),"Nov 30, 2001",,,,,,,,,,,,,,,
72514,Dog_Detail?DogID=72514,SATCHMO,Dog_Detail?DogID=72514,SATCHMO,,"Sep 6, 2005",,,,,,,,,,,,,,,
72507,Dog_Detail?DogID=72507,SCOUT,Dog_Detail?DogID=72507,SCOUT,,"May 2, 2009",,,,,,,,,,,,,,,
66073,Dog_Detail?DogID=66073,SIX ACRES AS SHARP AS A BLADE,Dog_Detail?DogID=66073,BLADE,WS23914705 (AKC),"Oct 12, 2007",,,,,,,,,,,,,,,
66074,Dog_Detail?DogID=66074,SIX ACRES BRODEE BEAR,Dog_Detail?DogID=66074,BRODEE,WS23914701 (AKC),"Oct 12, 2007",,,,,,,,,,,,,,,
72508,Dog_Detail?DogID=72508,SIX ACRES' IZZY CHECKIN' ME OUT?,Dog_Detail?DogID=72508,IZZY,WS30245707 (AKC),"May 2, 2009",,,,,,,,,,,,,,,
72493,Dog_Detail?DogID=72493,SIX ACRES' ONE ELLA VA GAL,Dog_Detail?DogID=72493,ELLA,WS30245705 (AKC),"May 2, 2009",,,,,,,,,,,,,,,
66420,Dog_Detail?DogID=66420,SIX ACRES' REACH FOR THE SKY,Dog_Detail?DogID=66420,SKY,WS18497604 (AKC),"Jul 13, 2006",,,,,,,,,,,,,,,
72503,Dog_Detail?DogID=72503,SIX ACRES TAKING FLIGHT,Dog_Detail?DogID=72503,JET,WS30245701 (AKC),"May 2, 2009",,,,,,,,,,,,,,,
72499,Dog_Detail?DogID=72499,SPARTI MAY,Dog_Detail?DogID=72499,SPARTI,WR07025601 (AKC),"Jun 13, 2002",,,,,,,,,,,,,,,
42725,Dog_Detail?DogID=42725,SPENCER TRACY OF SIX ACRES,Dog_Detail?DogID=42725,SPENCER,WS14690808 (AKC),"Sep 6, 2005",,,,,,,,,,,,,,,
72504,Dog_Detail?DogID=72504,TIBERIUS,Dog_Detail?DogID=72504,TIBERIUS,WS30245702,"May 2, 2009",,,,,,,,,,,,,,,
72509,Dog_Detail?DogID=72509,TOBY,Dog_Detail?DogID=72509,TOBY,,"May 2, 2009",,,,,,,,,,,,,,,
72590,Dog_Detail?DogID=72590,UNKNOWN,Dog_Detail?DogID=72590,BERNER,,"Jul 13, 2006",,,,,,,,,,,,,,,
42723,Dog_Detail?DogID=42723,VICTORIA'S SECRET OF SIX ACRES,Dog_Detail?DogID=42723,LILLY,WS14690806 (AKC),"Sep 6, 2005",,,,,,,,,,,,,,,
66076,Dog_Detail?DogID=66076,WRIGLEY SAPICK OF SIX ACRES,Dog_Detail?DogID=66076,WRIGLEY,WS23914707 (AKC),"Oct 12, 2007",,,,,,,,,,,,,,,
72506,Dog_Detail?DogID=72506,YOGI,Dog_Detail?DogID=72506,YOGI,,"May 2, 2009",,,,,,,,,,,,,,,
72510,Dog_Detail?DogID=72510,YUKON,Dog_Detail?DogID=72510,YUKON,,"Oct 12, 2007",,,,,,,,,,,,,,,
67460,Dog_Detail?DogID=67460,BELLA'S APRIL UNO OF WHITEASH FARM,Dog_Detail?DogID=67460,APRIL,WS29297401 (AKC),"Jan 10, 2009",,V570382 (AKC),,,,,,,,,,,,,
83730,Dog_Detail?DogID=83730,BELLA'S MAY APPLE OF WHITEASH FARM,Dog_Detail?DogID=83730,MAY,WS38023601 (AKC),"Jun 30, 2011","Dec, 2022",V663690 (AKC),,,,,,,,,,,,,
65589,Dog_Detail?DogID=65589,BLUE MT'S ANABELLE OF WHITEASH FARM,Dog_Detail?DogID=65589,ANABELLE,WS29297403 (AKC),"Jan 10, 2009","Sep 27, 2019",V571049 (AKC),,,,,,,,,,,,,
118891,Dog_Detail?DogID=118891,LIONHEARTS NO GOOD DEED UNPUNISHED,Dog_Detail?DogID=118891,SUKI,WS44272002 (AKC),"Jun 22, 2013",,,,,,,,,,,,,,,
100720,Dog_Detail?DogID=100720,WHITEASH FARM BERNER QUEEN OF HEARTS,Dog_Detail?DogID=100720,,WS38023502 (AKC),"Jan 11, 2011",,,,,,,,,,,,,,,
100016,Dog_Detail?DogID=100016,WHITEASH FARM BERNERS FIREWORKS MAX,Dog_Detail?DogID=100016,MAX,,"Dec 31, 2010","Feb 6, 2020",,,,,,,,,,,,,,
80074,Dog_Detail?DogID=80074,WHITEASH FARM BERNERS LADY LUCK,Dog_Detail?DogID=80074,SCARLETT MARIE,WS38023501 (AKC),"Jan 11, 2011",,,,,,,,,,,,,,,
79873,Dog_Detail?DogID=79873,WHITEASH FARM BERNERS LET IT RIDE,Dog_Detail?DogID=79873,ZEUS,WS38023507 (AKC),"Jan 11, 2011",,,,,,,,,,,,,,,
108835,Dog_Detail?DogID=108835,WHITEASH FARMS ALI (FORMERLY BUBBLE),Dog_Detail?DogID=108835,ALI,WS36264002,"Dec 31, 2010",,,,,,,,,,,,,,,
119543,Dog_Detail?DogID=119543,WHITEASH FARM'S AUTUMN,Dog_Detail?DogID=119543,,WS45886502,"Nov 14, 2013",,,,,,,,,,,,,,,
119544,Dog_Detail?DogID=119544,WHITEASH FARM'S BLESSING,Dog_Detail?DogID=119544,,WS45886503,"Nov 14, 2013",,,,,,,,,,,,,,,
119542,Dog_Detail?DogID=119542,WHITEASH FARM'S GUINNESS AND HARP IS A BLK AND TAN,Dog_Detail?DogID=119542,HARPER,WS45886501 (AKC),"Nov 14, 2013",,,,,,,,,,,,,,,
100719,Dog_Detail?DogID=100719,WHITEASH FARM'S HIGH ROLLER,Dog_Detail?DogID=100719,LEO,WS38023504 (AKC),"Jan 11, 2011",,,,,,,,,,,,,,,
119545,Dog_Detail?DogID=119545,WHITEASH FARM'S LUCKY,Dog_Detail?DogID=119545,,WS45886505 (AKC),"Nov 14, 2013",,,,,,,,,,,,,,,
119540,Dog_Detail?DogID=119540,WHITEASH FARM'S PICNIC IN THE SUMMER,Dog_Detail?DogID=119540,,WS44272007,"Jun 22, 2013",,,,,,,,,,,,,,,
119539,Dog_Detail?DogID=119539,WHITEASH FARM'S PICNIC SURFER GIRL,Dog_Detail?DogID=119539,,WS44272006,"Jun 22, 2013",,,,,,,,,,,,,,,
118893,Dog_Detail?DogID=118893,WHITEASH FARM'S SUMMER RAIN,Dog_Detail?DogID=118893,,WS44272004,"Jun 22, 2013",,,,,,,,,,,,,,,
118892,Dog_Detail?DogID=118892,WHITEASH FARM'S SUNSHINE,Dog_Detail?DogID=118892,,WS44272001,"Jun 22, 2013",,,,,,,,,,,,,,,
118890,Dog_Detail?DogID=118890,WHITEASH FARM'S UNDER THE BOARDWALK,Dog_Detail?DogID=118890,GUS,WS44272003 (AKC),"Jun 22, 2013",,,,,,,,,,,,,,,
194081,Dog_Detail?DogID=194081,CAPGRAS,Dog_Detail?DogID=194081,CAPGRAS,,"May 16, 2019",,,,,,,,,,,,,,,
194082,Dog_Detail?DogID=194082,CAPGRAS' ROCKY RUN,Dog_Detail?DogID=194082,MIA,WS64667006,"May 16, 2019",,,,,,,,,,,,,,,
194083,Dog_Detail?DogID=194083,"DAFFODILS ""DAFFY"" ON THE RIDGE",Dog_Detail?DogID=194083,,WS64667003,"May 16, 2019",,,,,,,,,,,,,,,
194084,Dog_Detail?DogID=194084,DIEGO GUERRA SOLANO,Dog_Detail?DogID=194084,,WS64667007,"May 16, 2019",,,,,,,,,,,,,,,
168401,Dog_Detail?DogID=168401,HUNTER'S RUN LUNA,Dog_Detail?DogID=168401,LUNA,WS65467708 (AKC),"Jul 30, 2019",,,,,,,,,,,,,,,
227824,Dog_Detail?DogID=227824,HUNTER'S RUN PATRICIA,Dog_Detail?DogID=227824,PATTY,WS85138301 (AKC),"Nov 10, 2024",,,,,,,,,,,,,,,
227823,Dog_Detail?DogID=227823,HUNTER'S RUN PHOEBE,Dog_Detail?DogID=227823,PHOEBE,WS83522101 (AKC),"Apr 16, 2024",,,,,,,,,,,,,,,
221052,Dog_Detail?DogID=221052,HUNTER'S RUN PRUDENCE,Dog_Detail?DogID=221052,PRU,WS74483501 (AKC),"Nov 14, 2021",,,,,,,,,,,,,,,
194085,Dog_Detail?DogID=194085,OSIRIS,Dog_Detail?DogID=194085,,WS64667008,"May 16, 2019",,,,,,,,,,,,,,,
